ds,symbol,close,volume
2003-09-10,CHG,44.92,29000.0
2003-09-11,CHG,45.0,18600.0
2003-10-01,CHG,44.77,33600.0
2003-10-02,CHG,44.64,18500.0
2003-10-03,CHG,44.84,544200.0
2003-10-06,CHG,44.77,24500.0
2003-10-07,CHG,45.33,237300.0
2003-10-08,CHG,44.62,37800.0
2003-10-09,CHG,44.9,41500.0
2003-10-10,CHG,44.57,19600.0
2003-10-13,CHG,44.93,14200.0
2003-10-14,CHG,44.9,19700.0
2003-10-15,CHG,44.48,39800.0
2003-10-16,CHG,44.4,24500.0
2003-10-17,CHG,44.38,93200.0
2003-10-20,CHG,44.28,46000.0
2003-10-21,CHG,44.34,36500.0
2003-10-22,CHG,43.6,37100.0
2003-10-23,CHG,43.24,21400.0
2003-10-24,CHG,43.11,17000.0
2003-10-27,CHG,43.79,24900.0
2003-10-28,CHG,44.0,24900.0
2003-10-29,CHG,43.6,23800.0
2003-10-30,CHG,43.46,43500.0
2003-10-31,CHG,43.8,27400.0
2003-11-03,CHG,44.44,25120.0
2003-11-04,CHG,44.54,62800.0
2003-11-05,CHG,44.2,28400.0
2003-11-06,CHG,44.17,16900.0
2003-11-07,CHG,43.89,17000.0
2003-11-10,CHG,43.57,31200.0
2003-11-11,CHG,43.63,11900.0
2003-11-12,CHG,44.36,22600.0
2003-11-13,CHG,44.17,21100.0
2003-11-14,CHG,43.75,25000.0
2003-11-17,CHG,43.6,34100.0
2003-11-18,CHG,42.66,37000.0
2003-11-19,CHG,42.91,22900.0
2003-11-20,CHG,43.1,37200.0
2003-11-21,CHG,43.1,113000.0
2003-11-24,CHG,44.0,36500.0
2003-11-25,CHG,44.37,31400.0
2003-11-26,CHG,44.37,16000.0
2003-11-28,CHG,43.9,9300.0
2003-12-01,CHG,43.99,18300.0
2003-12-02,CHG,44.68,46500.0
2003-12-03,CHG,44.26,23900.0
2003-12-04,CHG,44.44,27300.0
2003-12-05,CHG,44.53,24900.0
2003-12-08,CHG,44.73,20800.0
2003-12-09,CHG,44.54,29100.0
2003-12-10,CHG,44.2,24400.0
2003-12-11,CHG,44.98,31300.0
2003-12-12,CHG,44.9,44800.0
2003-12-15,CHG,44.69,62300.0
2003-12-16,CHG,44.64,38600.0
2003-12-17,CHG,45.1,22500.0
2003-12-18,CHG,45.41,36900.0
2003-12-19,CHG,45.22,34100.0
2003-12-22,CHG,44.99,20000.0
2003-12-23,CHG,45.25,46800.0
2003-12-24,CHG,45.62,25700.0
2003-12-26,CHG,45.69,8600.0
2003-12-29,CHG,45.89,19900.0
2003-12-30,CHG,46.69,21600.0
2003-12-31,CHG,46.9,48000.0
2004-01-02,CHG,46.28,27800.0
2004-01-05,CHG,46.04,40500.0
2004-01-06,CHG,45.58,33800.0
2004-01-07,CHG,45.49,18100.0
2004-01-08,CHG,45.7,23000.0
2004-01-09,CHG,45.49,17500.0
2004-01-12,CHG,45.63,18900.0
2004-01-13,CHG,45.92,22800.0
2004-01-14,CHG,45.98,19500.0
2004-01-15,CHG,46.14,15000.0
2004-01-16,CHG,45.59,13600.0
2004-01-20,CHG,46.25,32600.0
2004-01-21,CHG,46.36,37400.0
2004-01-22,CHG,46.51,37900.0
2004-01-23,CHG,47.0,41400.0
2004-01-26,CHG,46.84,21100.0
2004-01-27,CHG,46.6,20000.0
2004-01-28,CHG,46.01,27900.0
2004-01-29,CHG,46.06,29500.0
2004-01-30,CHG,46.22,21500.0
2004-02-02,CHG,46.45,25000.0
2004-02-03,CHG,46.77,32900.0
2004-02-04,CHG,46.26,42500.0
2004-02-05,CHG,46.5,19000.0
2004-02-06,CHG,47.0,18500.0
2004-02-09,CHG,47.39,31600.0
2004-02-10,CHG,48.4,38600.0
2004-02-11,CHG,48.5,15300.0
2004-02-12,CHG,48.44,15200.0
2004-02-13,CHG,48.5,46100.0
2004-02-17,CHG,48.83,25900.0
2004-02-18,CHG,48.66,18800.0
2004-02-19,CHG,48.22,25800.0
2004-02-20,CHG,48.11,24800.0
2004-02-23,CHG,48.04,35000.0
2004-02-24,CHG,48.23,32000.0
2004-02-25,CHG,48.3,30400.0
2004-02-26,CHG,48.34,35400.0
2004-02-27,CHG,49.2,39400.0
2004-03-01,CHG,49.2,35000.0
2004-03-02,CHG,49.38,45700.0
2004-03-03,CHG,49.11,39000.0
2004-03-04,CHG,49.17,49200.0
2004-03-05,CHG,49.2,42200.0
2004-03-08,CHG,49.23,180100.0
2004-03-09,CHG,49.29,41500.0
2004-03-10,CHG,49.25,36300.0
2004-03-11,CHG,48.58,34800.0
2004-03-12,CHG,49.04,29700.0
2004-03-15,CHG,48.6,35800.0
2004-03-16,CHG,48.45,39300.0
2004-03-17,CHG,48.98,45100.0
2004-03-18,CHG,49.05,25800.0
2004-03-19,CHG,48.66,32000.0
2004-03-22,CHG,48.5,31600.0
2004-03-23,CHG,48.7,26100.0
2004-03-24,CHG,48.44,20400.0
2004-03-25,CHG,48.6,18800.0
2004-03-26,CHG,48.85,37200.0
2004-03-29,CHG,48.98,46200.0
2004-03-30,CHG,48.91,41700.0
2004-03-31,CHG,49.09,62400.0
2004-04-01,CHG,49.24,47600.0
2004-04-02,CHG,49.33,50500.0
2004-04-05,CHG,49.49,54600.0
2004-04-06,CHG,48.52,33700.0
2004-04-07,CHG,48.35,21600.0
2004-04-08,CHG,47.89,30400.0
2004-04-12,CHG,47.71,43400.0
2004-04-13,CHG,46.95,47400.0
2004-04-14,CHG,46.18,31500.0
2004-04-15,CHG,46.26,37100.0
2004-04-16,CHG,46.52,41300.0
2004-04-19,CHG,46.45,27700.0
2004-04-20,CHG,46.37,23600.0
2004-04-21,CHG,46.6,46700.0
2004-04-22,CHG,47.86,49900.0
2004-04-23,CHG,47.63,36900.0
2004-04-26,CHG,47.27,31300.0
2004-04-27,CHG,47.14,46000.0
2004-04-28,CHG,46.85,30300.0
2004-04-29,CHG,46.25,20500.0
2004-04-30,CHG,46.3,29800.0
2004-05-03,CHG,47.08,70200.0
2004-05-04,CHG,47.41,26000.0
2004-05-05,CHG,46.67,26800.0
2004-05-06,CHG,46.5,31900.0
2004-05-07,CHG,44.4,34000.0
2004-05-10,CHG,44.62,67700.0
2004-05-11,CHG,44.65,24300.0
2004-05-12,CHG,44.61,28000.0
2004-05-13,CHG,44.2,17000.0
2004-05-14,CHG,44.6,35200.0
2004-05-17,CHG,43.39,34800.0
2004-05-18,CHG,44.0,23000.0
2004-05-19,CHG,43.59,23200.0
2004-05-20,CHG,43.75,23300.0
2004-05-21,CHG,43.89,19600.0
2004-05-24,CHG,44.23,24900.0
2004-05-25,CHG,44.99,36400.0
2004-05-26,CHG,45.49,25200.0
2004-05-27,CHG,45.66,19700.0
2004-05-28,CHG,45.5,15600.0
2004-06-01,CHG,44.6,40400.0
2004-06-02,CHG,45.24,15700.0
2004-06-03,CHG,44.51,15800.0
2004-06-04,CHG,44.5,17300.0
2004-06-07,CHG,45.12,38400.0
2004-06-08,CHG,44.9,15100.0
2004-06-09,CHG,44.34,27800.0
2004-06-10,CHG,44.46,51900.0
2004-06-14,CHG,44.12,34200.0
2004-06-15,CHG,45.0,31400.0
2004-06-16,CHG,45.24,26700.0
2004-06-17,CHG,45.12,29400.0
2004-06-18,CHG,45.0,55600.0
2004-06-21,CHG,45.02,46100.0
2004-06-22,CHG,45.45,37800.0
2004-06-23,CHG,45.75,37500.0
2004-06-24,CHG,46.19,41200.0
2004-06-25,CHG,45.1,46500.0
2004-06-28,CHG,45.85,44500.0
2004-06-29,CHG,46.31,70800.0
2004-06-30,CHG,46.44,26800.0
2004-07-01,CHG,46.2,32100.0
2004-07-02,CHG,46.3,24400.0
2004-07-06,CHG,46.4,104300.0
2004-07-07,CHG,46.04,95200.0
2004-07-08,CHG,45.66,43400.0
2004-07-09,CHG,45.94,21300.0
2004-07-12,CHG,45.32,20700.0
2004-07-13,CHG,45.47,23800.0
2004-07-14,CHG,45.4,26500.0
2004-07-15,CHG,45.47,38300.0
2004-07-16,CHG,45.54,49700.0
2004-07-19,CHG,45.96,29000.0
2004-07-20,CHG,46.42,26700.0
2004-07-21,CHG,45.52,41800.0
2004-07-22,CHG,45.12,70700.0
2004-07-23,CHG,44.9,58800.0
2004-07-26,CHG,43.42,70400.0
2004-07-27,CHG,43.85,51900.0
2004-07-28,CHG,43.97,62100.0
2004-07-29,CHG,44.09,22000.0
2004-07-30,CHG,44.0,21300.0
2004-08-02,CHG,44.43,90600.0
2004-08-03,CHG,44.25,41200.0
2004-08-04,CHG,44.46,27000.0
2004-08-05,CHG,43.5,40000.0
2004-08-06,CHG,43.41,21500.0
2004-08-09,CHG,43.31,39400.0
2004-08-10,CHG,43.7,35000.0
2004-08-11,CHG,43.99,29800.0
2004-08-12,CHG,43.8,21600.0
2004-08-13,CHG,43.3,16900.0
2004-08-16,CHG,43.82,22100.0
2004-08-17,CHG,43.94,45400.0
2004-08-18,CHG,44.24,43300.0
2004-08-19,CHG,44.0,28100.0
2004-08-20,CHG,44.24,43500.0
2004-08-23,CHG,44.1,32100.0
2004-08-24,CHG,44.53,31000.0
2004-08-25,CHG,44.72,28800.0
2004-08-26,CHG,44.74,20900.0
2004-08-27,CHG,45.15,33500.0
2004-08-30,CHG,44.96,45000.0
2004-08-31,CHG,45.61,33900.0
2004-09-01,CHG,45.68,43500.0
2004-09-02,CHG,46.05,28600.0
2004-09-03,CHG,45.9,43300.0
2004-09-07,CHG,46.37,25600.0
2004-09-08,CHG,46.09,30300.0
2004-09-09,CHG,46.47,39400.0
2004-09-10,CHG,46.5,26500.0
2004-09-13,CHG,46.24,20200.0
2004-09-14,CHG,45.84,27800.0
2004-09-15,CHG,45.98,23300.0
2004-09-16,CHG,46.56,30700.0
2004-09-17,CHG,46.46,78700.0
2004-09-20,CHG,46.25,16300.0
2004-09-21,CHG,46.63,46400.0
2004-09-22,CHG,46.02,34000.0
2004-09-23,CHG,45.72,65500.0
2004-09-24,CHG,45.43,14100.0
2004-09-27,CHG,45.4,24800.0
2004-09-28,CHG,45.6,41600.0
2004-09-29,CHG,46.1,23000.0
2004-09-30,CHG,45.8,19600.0
2004-10-01,CHG,46.61,29400.0
2004-10-04,CHG,46.98,34400.0
2004-10-05,CHG,46.42,40200.0
2004-10-06,CHG,45.97,49100.0
2004-10-07,CHG,45.44,44200.0
2004-10-08,CHG,45.39,29200.0
2004-10-11,CHG,45.6,15500.0
2004-10-12,CHG,46.15,31100.0
2004-10-13,CHG,45.37,35800.0
2004-10-14,CHG,45.12,24500.0
2004-10-15,CHG,45.76,31500.0
2004-10-18,CHG,45.65,34600.0
2004-10-19,CHG,45.23,27800.0
2004-10-20,CHG,45.1,36100.0
2004-10-21,CHG,45.02,77500.0
2004-10-22,CHG,44.65,20700.0
2004-10-25,CHG,44.95,32800.0
2004-10-26,CHG,44.96,50700.0
2004-10-27,CHG,45.0,29600.0
2004-10-28,CHG,44.95,24400.0
2004-10-29,CHG,44.63,24300.0
2004-11-01,CHG,45.25,53800.0
2004-11-02,CHG,44.84,62300.0
2004-11-03,CHG,45.47,39200.0
2004-11-04,CHG,46.19,47000.0
2004-11-05,CHG,46.33,28600.0
2004-11-08,CHG,45.86,18600.0
2004-11-09,CHG,46.3,38700.0
2004-11-10,CHG,46.36,20900.0
2004-11-11,CHG,46.5,21300.0
2004-11-12,CHG,46.75,21300.0
2004-11-15,CHG,46.5,29100.0
2004-11-16,CHG,45.95,26900.0
2004-11-17,CHG,45.69,29100.0
2004-11-18,CHG,45.55,24800.0
2004-11-19,CHG,45.0,18100.0
2004-11-22,CHG,45.7,33700.0
2004-11-23,CHG,46.13,47600.0
2004-11-24,CHG,46.45,32700.0
2004-11-26,CHG,46.42,3100.0
2004-11-29,CHG,46.63,34100.0
2004-11-30,CHG,46.47,43500.0
2004-12-01,CHG,46.76,38000.0
2004-12-02,CHG,46.24,56400.0
2004-12-03,CHG,46.15,18000.0
2004-12-06,CHG,46.14,22600.0
2004-12-07,CHG,45.42,26700.0
2004-12-08,CHG,45.5,30900.0
2004-12-09,CHG,45.67,22100.0
2004-12-10,CHG,45.47,42400.0
2004-12-13,CHG,46.25,24500.0
2004-12-14,CHG,46.36,32000.0
2004-12-15,CHG,46.75,20800.0
2004-12-16,CHG,46.49,17800.0
2004-12-17,CHG,46.89,41700.0
2004-12-20,CHG,47.37,51200.0
2004-12-21,CHG,47.97,46000.0
2004-12-22,CHG,48.11,24100.0
2004-12-23,CHG,48.23,22900.0
2004-12-27,CHG,47.85,27000.0
2004-12-28,CHG,48.32,22000.0
2004-12-29,CHG,48.19,18800.0
2004-12-30,CHG,48.21,16900.0
2004-12-31,CHG,48.05,23600.0
2005-01-03,CHG,47.56,35800.0
2005-01-04,CHG,47.45,49300.0
2005-01-05,CHG,47.38,82500.0
2005-01-06,CHG,46.8,37500.0
2005-01-07,CHG,46.5,52200.0
2005-01-10,CHG,46.62,69200.0
2005-01-11,CHG,46.17,76100.0
2005-01-12,CHG,46.33,27100.0
2005-01-13,CHG,45.8,52000.0
2005-01-14,CHG,46.39,34500.0
2005-01-18,CHG,46.94,31000.0
2005-01-19,CHG,46.51,29800.0
2005-01-20,CHG,46.41,32600.0
2005-01-21,CHG,46.26,26200.0
2005-01-24,CHG,46.35,10400.0
2005-01-25,CHG,46.15,14800.0
2005-01-26,CHG,47.05,19800.0
2005-01-27,CHG,47.02,18300.0
2005-01-28,CHG,46.66,26600.0
2005-01-31,CHG,47.3,35800.0
2005-02-01,CHG,47.7,81800.0
2005-02-02,CHG,47.73,32400.0
2005-02-03,CHG,48.1,31500.0
2005-02-04,CHG,48.93,25600.0
2005-02-07,CHG,48.84,20500.0
2005-02-08,CHG,49.08,19900.0
2005-02-09,CHG,48.06,20200.0
2005-02-10,CHG,48.04,36100.0
2005-02-11,CHG,48.52,45800.0
2005-02-14,CHG,48.3,12200.0
2005-02-15,CHG,48.0,22700.0
2005-02-16,CHG,48.15,28700.0
2005-02-17,CHG,47.25,23000.0
2005-02-18,CHG,47.02,24800.0
2005-02-22,CHG,45.87,42900.0
2005-02-23,CHG,45.89,24000.0
2005-02-24,CHG,45.76,22200.0
2005-02-25,CHG,46.64,31600.0
2005-02-28,CHG,46.15,27600.0
2005-03-01,CHG,46.67,39200.0
2005-03-02,CHG,46.25,21100.0
2005-03-03,CHG,46.52,25900.0
2005-03-04,CHG,46.98,26800.0
2005-03-07,CHG,46.85,14900.0
2005-03-08,CHG,46.04,27200.0
2005-03-09,CHG,45.46,30700.0
2005-03-10,CHG,45.4,27000.0
2005-03-11,CHG,45.3,23100.0
2005-03-14,CHG,45.73,39800.0
2005-03-15,CHG,45.83,25900.0
2005-03-16,CHG,45.4,24600.0
2005-03-17,CHG,45.35,37600.0
2005-03-18,CHG,44.9,96000.0
2005-03-21,CHG,44.7,45900.0
2005-03-22,CHG,44.25,46900.0
2005-03-23,CHG,43.35,50700.0
2005-03-24,CHG,44.49,25600.0
2005-03-28,CHG,45.3,63300.0
2005-03-29,CHG,44.95,49700.0
2005-03-30,CHG,46.1,36100.0
2005-03-31,CHG,45.7,52600.0
2005-04-01,CHG,44.93,49700.0
2005-04-04,CHG,45.45,31200.0
2005-04-05,CHG,45.81,29700.0
2005-04-06,CHG,45.5,44700.0
2005-04-07,CHG,45.2,11600.0
2005-04-08,CHG,44.57,26700.0
2005-04-11,CHG,44.57,32800.0
2005-04-12,CHG,45.4,40700.0
2005-04-13,CHG,44.86,27900.0
2005-04-14,CHG,44.27,32800.0
2005-04-15,CHG,42.85,51300.0
2005-04-18,CHG,43.48,55300.0
2005-04-19,CHG,44.1,33700.0
2005-04-20,CHG,43.4,47400.0
2005-04-21,CHG,43.53,36700.0
2005-04-22,CHG,43.48,82700.0
2005-04-25,CHG,43.21,64800.0
2005-04-26,CHG,42.9,58600.0
2005-04-27,CHG,42.98,41400.0
2005-04-28,CHG,42.5,23700.0
2005-04-29,CHG,42.65,36300.0
2005-05-02,CHG,43.14,73400.0
2005-05-03,CHG,42.9,45200.0
2005-05-04,CHG,42.88,28500.0
2005-05-05,CHG,43.05,37500.0
2005-05-06,CHG,42.92,22100.0
2005-05-09,CHG,43.11,28600.0
2005-05-10,CHG,42.9,37500.0
2005-05-11,CHG,43.39,63300.0
2005-05-12,CHG,42.75,32800.0
2005-05-13,CHG,42.87,66200.0
2005-05-16,CHG,43.05,40500.0
2005-05-17,CHG,43.22,62800.0
2005-05-18,CHG,43.88,67600.0
2005-05-19,CHG,44.01,24700.0
2005-05-20,CHG,44.05,22400.0
2005-05-23,CHG,44.0,27800.0
2005-05-24,CHG,44.6,44300.0
2005-05-25,CHG,44.7,42900.0
2005-05-26,CHG,44.73,32400.0
2005-05-27,CHG,44.9,24500.0
2005-05-31,CHG,45.2,25000.0
2005-06-01,CHG,45.6,48000.0
2005-06-02,CHG,45.65,31900.0
2005-06-03,CHG,45.7,28400.0
2005-06-06,CHG,45.81,15900.0
2005-06-07,CHG,45.87,35800.0
2005-06-08,CHG,45.95,27300.0
2005-06-09,CHG,46.13,24500.0
2005-06-10,CHG,46.15,21900.0
2005-06-13,CHG,46.69,34500.0
2005-06-14,CHG,47.15,36100.0
2005-06-15,CHG,47.75,57400.0
2005-06-16,CHG,48.24,31300.0
2005-06-17,CHG,48.05,112700.0
2005-06-20,CHG,47.69,25600.0
2005-06-21,CHG,46.9,39000.0
2005-06-22,CHG,47.05,41500.0
2005-06-23,CHG,47.3,82600.0
2005-06-24,CHG,47.5,90000.0
2005-06-27,CHG,47.44,37600.0
2005-06-28,CHG,48.74,57100.0
2005-06-29,CHG,48.88,46900.0
2005-06-30,CHG,48.63,23900.0
2005-07-01,CHG,49.09,43300.0
2005-07-05,CHG,49.42,52300.0
2005-07-06,CHG,49.2,61300.0
2005-07-07,CHG,48.11,48100.0
2005-07-08,CHG,48.95,33900.0
2005-07-11,CHG,49.3,38300.0
2005-07-12,CHG,49.07,47300.0
2005-07-13,CHG,48.98,34900.0
2005-07-14,CHG,48.66,33800.0
2005-07-15,CHG,48.55,42300.0
2005-07-18,CHG,48.03,18200.0
2005-07-19,CHG,48.16,22500.0
2005-07-20,CHG,48.45,28300.0
2005-07-21,CHG,48.05,46100.0
2005-07-22,CHG,48.05,61500.0
2005-07-25,CHG,48.13,29100.0
2005-07-26,CHG,48.42,32700.0
2005-07-27,CHG,48.6,25500.0
2005-07-28,CHG,49.4,22300.0
2005-07-29,CHG,49.15,23200.0
2005-08-01,CHG,49.51,81100.0
2005-08-02,CHG,49.97,25300.0
2005-08-03,CHG,49.25,31300.0
2005-08-04,CHG,48.2,20100.0
2005-08-05,CHG,47.3,23700.0
2005-08-08,CHG,46.7,26700.0
2005-08-09,CHG,46.6,30100.0
2005-08-10,CHG,45.9,41800.0
2005-08-11,CHG,46.7,34900.0
2005-08-12,CHG,46.39,30500.0
2005-08-15,CHG,46.35,27000.0
2005-08-16,CHG,45.51,28900.0
2005-08-17,CHG,45.85,25500.0
2005-08-18,CHG,45.75,29900.0
2005-08-19,CHG,45.68,15400.0
2005-08-22,CHG,46.4,18200.0
2005-08-23,CHG,46.54,20400.0
2005-08-24,CHG,46.91,36900.0
2005-08-25,CHG,47.25,16000.0
2005-08-26,CHG,46.89,32700.0
2005-08-29,CHG,47.28,20000.0
2005-08-30,CHG,47.22,11700.0
2005-08-31,CHG,48.1,29500.0
2005-09-01,CHG,48.05,20000.0
2005-09-02,CHG,47.95,13500.0
2005-09-06,CHG,49.07,19800.0
2005-09-07,CHG,48.98,13500.0
2005-09-08,CHG,48.07,15600.0
2005-09-09,CHG,48.47,15700.0
2005-09-12,CHG,48.42,34300.0
2005-09-13,CHG,48.01,30000.0
2005-09-14,CHG,46.83,34400.0
2005-09-15,CHG,47.12,37000.0
2005-09-16,CHG,46.8,155000.0
2005-09-19,CHG,47.58,35100.0
2005-09-20,CHG,47.0,36100.0
2005-09-21,CHG,46.82,39000.0
2005-09-22,CHG,46.6,25500.0
2005-09-23,CHG,46.86,24700.0
2005-09-26,CHG,47.23,22600.0
2005-09-27,CHG,47.5,29700.0
2005-09-28,CHG,46.86,14800.0
2005-09-29,CHG,47.5,14400.0
2005-09-30,CHG,47.48,26500.0
2005-10-03,CHG,47.26,27200.0
2005-10-04,CHG,48.16,58600.0
2005-10-05,CHG,47.12,59600.0
2005-10-06,CHG,45.95,36900.0
2005-10-07,CHG,46.69,27500.0
2005-10-10,CHG,45.96,15700.0
2005-10-11,CHG,45.25,44100.0
2005-10-12,CHG,44.83,36300.0
2005-10-13,CHG,44.35,39500.0
2005-10-14,CHG,44.55,22000.0
2005-10-17,CHG,44.6,30500.0
2005-10-18,CHG,44.01,22400.0
2005-10-19,CHG,44.06,49800.0
2005-10-20,CHG,43.35,22500.0
2005-10-21,CHG,43.61,33800.0
2005-10-24,CHG,45.0,30400.0
2005-10-25,CHG,45.1,52700.0
2005-10-26,CHG,45.08,18700.0
2005-10-27,CHG,45.4,38100.0
2005-10-28,CHG,46.35,22600.0
2005-10-31,CHG,46.55,33300.0
2005-11-01,CHG,47.11,87300.0
2005-11-02,CHG,47.85,36300.0
2005-11-03,CHG,47.2,42400.0
2005-11-04,CHG,47.0,17700.0
2005-11-07,CHG,47.15,17400.0
2005-11-08,CHG,46.6,19200.0
2005-11-09,CHG,46.83,22700.0
2005-11-10,CHG,46.75,29500.0
2005-11-11,CHG,46.6,21900.0
2005-11-14,CHG,46.6,13800.0
2005-11-15,CHG,46.28,51300.0
2005-11-16,CHG,46.08,42900.0
2005-11-17,CHG,46.31,44700.0
2005-11-18,CHG,46.34,30700.0
2005-11-21,CHG,46.58,21400.0
2005-11-22,CHG,46.91,27100.0
2005-11-23,CHG,47.21,24700.0
2005-11-25,CHG,47.35,6400.0
2005-11-28,CHG,46.86,33900.0
2005-11-29,CHG,46.87,43200.0
2005-11-30,CHG,46.7,43300.0
2005-12-01,CHG,47.4,36300.0
2005-12-02,CHG,47.38,21600.0
2005-12-05,CHG,47.09,22000.0
2005-12-06,CHG,47.15,43400.0
2005-12-07,CHG,47.05,24200.0
2005-12-08,CHG,47.05,18100.0
2005-12-09,CHG,47.43,14600.0
2005-12-12,CHG,47.31,15900.0
2005-12-13,CHG,47.3,15400.0
2005-12-14,CHG,47.55,12400.0
2005-12-15,CHG,47.25,27300.0
2005-12-16,CHG,46.65,110100.0
2005-12-19,CHG,46.05,23800.0
2005-12-20,CHG,46.15,21000.0
2005-12-21,CHG,45.85,16300.0
2005-12-22,CHG,46.25,18500.0
2005-12-23,CHG,46.35,14600.0
2005-12-27,CHG,45.85,32900.0
2005-12-28,CHG,46.06,24800.0
2005-12-29,CHG,46.21,28900.0
2005-12-30,CHG,45.9,28000.0
2006-01-03,CHG,46.9,35100.0
2006-01-04,CHG,46.87,26800.0
2006-01-05,CHG,46.75,21400.0
2006-01-06,CHG,46.25,16900.0
2006-01-09,CHG,46.15,26000.0
2006-01-10,CHG,46.35,27500.0
2006-01-11,CHG,46.25,30400.0
2006-01-12,CHG,46.03,22200.0
2006-01-13,CHG,46.03,13400.0
2006-01-17,CHG,46.0,25200.0
2006-01-18,CHG,46.32,25000.0
2006-01-19,CHG,46.76,24500.0
2006-01-20,CHG,46.4,26300.0
2006-01-23,CHG,46.5,36100.0
2006-01-24,CHG,46.97,36600.0
2006-01-25,CHG,46.84,40600.0
2006-01-26,CHG,47.59,40400.0
2006-01-27,CHG,47.95,28600.0
2006-01-30,CHG,47.1,53200.0
2006-01-31,CHG,46.9,30300.0
2006-02-01,CHG,47.61,39500.0
2006-02-02,CHG,47.56,48800.0
2006-02-03,CHG,47.23,26800.0
2006-02-06,CHG,47.45,24700.0
2006-02-07,CHG,47.02,20800.0
2006-02-08,CHG,47.2,17700.0
2006-02-09,CHG,47.85,45300.0
2006-02-10,CHG,47.2,45700.0
2006-02-13,CHG,47.15,40500.0
2006-02-14,CHG,47.53,20200.0
2006-02-15,CHG,47.42,36300.0
2006-02-16,CHG,47.69,22600.0
2006-02-17,CHG,48.79,43600.0
2006-02-21,CHG,47.9,47700.0
2006-02-22,CHG,48.18,35400.0
2006-02-23,CHG,47.81,37700.0
2006-02-24,CHG,48.7,29500.0
2006-02-27,CHG,49.0,26500.0
2006-02-28,CHG,49.1,38300.0
2006-03-01,CHG,49.26,24800.0
2006-03-02,CHG,48.64,22900.0
2006-03-03,CHG,48.02,30200.0
2006-03-06,CHG,47.24,26800.0
2006-03-07,CHG,46.94,26400.0
2006-03-08,CHG,47.15,31300.0
2006-03-09,CHG,46.87,28300.0
2006-03-10,CHG,47.26,19600.0
2006-03-13,CHG,47.87,24700.0
2006-03-14,CHG,48.28,28800.0
2006-03-15,CHG,48.25,18000.0
2006-03-16,CHG,48.3,20500.0
2006-03-17,CHG,48.3,118600.0
2006-03-20,CHG,47.95,30900.0
2006-03-21,CHG,47.21,40800.0
2006-03-22,CHG,47.8,20600.0
2006-03-23,CHG,48.0,21900.0
2006-03-24,CHG,48.3,15000.0
2006-03-27,CHG,48.08,12800.0
2006-03-28,CHG,47.66,16900.0
2006-03-29,CHG,48.68,30900.0
2006-03-30,CHG,48.04,53300.0
2006-03-31,CHG,48.0,51700.0
2006-04-03,CHG,47.58,31800.0
2006-04-04,CHG,48.25,37100.0
2006-04-05,CHG,48.25,23900.0
2006-04-06,CHG,47.49,26000.0
2006-04-07,CHG,46.5,55300.0
2006-04-10,CHG,46.68,36300.0
2006-04-11,CHG,46.05,33800.0
2006-04-12,CHG,45.9,16600.0
2006-04-13,CHG,46.01,17600.0
2006-04-17,CHG,45.95,20600.0
2006-04-18,CHG,47.38,37100.0
2006-04-19,CHG,47.69,30100.0
2006-04-20,CHG,48.07,19900.0
2006-04-21,CHG,47.9,43400.0
2006-04-24,CHG,47.45,50000.0
2006-04-25,CHG,46.41,72400.0
2006-04-26,CHG,46.6,45300.0
2006-04-27,CHG,46.7,54700.0
2006-04-28,CHG,47.28,37500.0
2006-05-01,CHG,47.31,95100.0
2006-05-02,CHG,47.75,31700.0
2006-05-03,CHG,47.61,37400.0
2006-05-04,CHG,47.87,22000.0
2006-05-05,CHG,48.56,39100.0
2006-05-08,CHG,48.3,18900.0
2006-05-09,CHG,47.97,17000.0
2006-05-10,CHG,47.08,66000.0
2006-05-11,CHG,46.05,72200.0
2006-05-12,CHG,45.48,57900.0
2006-05-15,CHG,45.96,46200.0
2006-05-16,CHG,46.01,23700.0
2006-05-17,CHG,45.6,42700.0
2006-05-18,CHG,45.53,40500.0
2006-05-19,CHG,45.84,39900.0
2006-05-22,CHG,46.34,45400.0
2006-05-23,CHG,45.29,32700.0
2006-05-24,CHG,45.76,47000.0
2006-05-25,CHG,46.3,35400.0
2006-05-26,CHG,46.25,21700.0
2006-05-30,CHG,45.24,41600.0
2006-05-31,CHG,46.05,49700.0
2006-06-01,CHG,46.71,46800.0
2006-06-02,CHG,47.14,52300.0
2006-06-05,CHG,46.01,59400.0
2006-06-06,CHG,45.87,59700.0
2006-06-07,CHG,46.16,60300.0
2006-06-08,CHG,46.6,44900.0
2006-06-09,CHG,46.4,43700.0
2006-06-12,CHG,46.19,41700.0
2006-06-13,CHG,45.84,46900.0
2006-06-14,CHG,45.45,46900.0
2006-06-15,CHG,46.12,48700.0
2006-06-16,CHG,46.01,198000.0
2006-06-19,CHG,45.18,63000.0
2006-06-20,CHG,45.21,49200.0
2006-06-21,CHG,45.48,30300.0
2006-06-22,CHG,45.55,55400.0
2006-06-23,CHG,45.55,26100.0
2006-06-26,CHG,46.15,29600.0
2006-06-27,CHG,45.69,36800.0
2006-06-28,CHG,46.2,26600.0
2006-06-29,CHG,47.15,78000.0
2006-06-30,CHG,48.0,64300.0
2006-07-03,CHG,48.03,34900.0
2006-07-05,CHG,48.01,41900.0
2006-07-06,CHG,47.23,62700.0
2006-07-07,CHG,47.28,58400.0
2006-07-10,CHG,47.92,27000.0
2006-07-11,CHG,48.61,31200.0
2006-07-12,CHG,48.01,45300.0
2006-07-13,CHG,47.28,27300.0
2006-07-14,CHG,47.28,33000.0
2006-07-17,CHG,47.5,38800.0
2006-07-18,CHG,48.1,29200.0
2006-07-19,CHG,49.2,51500.0
2006-07-20,CHG,49.09,41100.0
2006-07-21,CHG,48.62,35500.0
2006-07-24,CHG,49.66,36700.0
2006-07-25,CHG,49.95,35200.0
2006-07-26,CHG,49.58,29800.0
2006-07-27,CHG,49.11,46100.0
2006-07-28,CHG,49.59,33100.0
2006-07-31,CHG,49.59,20400.0
2006-08-01,CHG,49.94,75300.0
2006-08-02,CHG,49.44,42300.0
2006-08-03,CHG,49.34,33500.0
2006-08-04,CHG,49.08,42600.0
2006-08-07,CHG,48.7,35900.0
2006-08-08,CHG,48.7,46300.0
2006-08-09,CHG,48.42,27500.0
2006-08-10,CHG,48.69,26100.0
2006-08-11,CHG,48.33,20600.0
2006-08-14,CHG,48.7,37500.0
2006-08-15,CHG,49.1,23700.0
2006-08-16,CHG,48.9,21800.0
2006-08-17,CHG,48.52,34400.0
2006-08-18,CHG,48.55,39600.0
2006-08-21,CHG,48.56,22300.0
2006-08-22,CHG,48.95,17700.0
2006-08-23,CHG,48.0,15800.0
2006-08-24,CHG,47.79,29200.0
2006-08-25,CHG,47.56,15300.0
2006-08-28,CHG,48.01,24700.0
2006-08-29,CHG,48.07,26900.0
2006-08-30,CHG,48.41,20700.0
2006-08-31,CHG,49.12,29000.0
2006-09-01,CHG,48.95,14900.0
2006-09-05,CHG,48.8,18600.0
2006-09-06,CHG,48.05,23400.0
2006-09-07,CHG,47.67,24400.0
2006-09-08,CHG,47.58,23100.0
2006-09-11,CHG,47.58,31900.0
2006-09-12,CHG,47.82,26200.0
2006-09-13,CHG,48.25,27400.0
2006-09-14,CHG,48.82,52300.0
2006-09-15,CHG,49.72,154200.0
2006-09-18,CHG,49.45,57900.0
2006-09-19,CHG,49.85,68900.0
2006-09-20,CHG,50.99,66800.0
2006-09-21,CHG,51.3,90900.0
2006-09-22,CHG,51.08,43300.0
2006-09-25,CHG,52.15,314600.0
2006-09-26,CHG,51.26,51500.0
2006-09-27,CHG,51.83,27200.0
2006-09-28,CHG,51.95,23300.0
2006-09-29,CHG,51.47,38700.0
2006-10-02,CHG,51.14,38500.0
2006-10-03,CHG,51.45,58700.0
2006-10-04,CHG,52.19,59800.0
2006-10-05,CHG,51.84,30500.0
2006-10-06,CHG,51.5,24600.0
2006-10-09,CHG,51.42,18600.0
2006-10-10,CHG,51.44,29100.0
2006-10-11,CHG,51.1,69300.0
2006-10-12,CHG,51.71,32000.0
2006-10-13,CHG,51.74,26000.0
2006-10-16,CHG,51.93,33100.0
2006-10-17,CHG,51.89,29700.0
2006-10-18,CHG,52.15,126000.0
2006-10-19,CHG,52.25,40400.0
2006-10-20,CHG,52.06,20100.0
2006-10-23,CHG,52.15,49000.0
2006-10-24,CHG,52.0,38200.0
2006-10-25,CHG,52.56,41900.0
2006-10-26,CHG,52.65,48600.0
2006-10-27,CHG,52.14,21300.0
2006-10-30,CHG,52.3,24300.0
2006-10-31,CHG,52.02,35700.0
2006-11-01,CHG,52.03,50100.0
2006-11-02,CHG,52.06,49300.0
2006-11-03,CHG,52.2,45100.0
2006-11-06,CHG,52.1,37900.0
2006-11-07,CHG,51.92,29000.0
2006-11-08,CHG,52.05,60700.0
2006-11-09,CHG,52.01,64600.0
2006-11-10,CHG,51.99,40300.0
2006-11-13,CHG,52.03,32600.0
2006-11-14,CHG,52.41,48800.0
2006-11-15,CHG,52.5,34900.0
2006-11-16,CHG,52.57,25000.0
2006-11-17,CHG,52.9,53400.0
2006-11-20,CHG,52.89,28300.0
2006-11-21,CHG,52.85,30500.0
2006-11-22,CHG,52.43,17200.0
2006-11-24,CHG,52.76,8600.0
2006-11-27,CHG,52.02,49200.0
2006-11-28,CHG,52.55,56400.0
2006-11-29,CHG,52.95,37000.0
2006-11-30,CHG,53.61,74800.0
2006-12-01,CHG,52.97,41500.0
2006-12-04,CHG,53.4,43700.0
2006-12-05,CHG,53.64,50500.0
2006-12-06,CHG,53.3,28900.0
2006-12-07,CHG,53.1,19100.0
2006-12-08,CHG,53.15,24500.0
2006-12-11,CHG,53.44,43300.0
2006-12-12,CHG,53.47,18700.0
2006-12-13,CHG,53.65,40000.0
2006-12-14,CHG,53.76,30400.0
2006-12-15,CHG,53.68,84800.0
2006-12-18,CHG,52.89,65200.0
2006-12-19,CHG,52.7,37100.0
2006-12-20,CHG,52.62,53700.0
2006-12-21,CHG,52.03,25500.0
2006-12-22,CHG,52.08,22400.0
2006-12-26,CHG,52.92,28100.0
2006-12-27,CHG,53.53,24300.0
2006-12-28,CHG,53.43,20600.0
2006-12-29,CHG,52.8,29100.0
2007-01-03,CHG,53.45,50700.0
2007-01-04,CHG,53.63,30500.0
2007-01-05,CHG,52.48,120300.0
2007-01-08,CHG,51.09,53400.0
2007-01-09,CHG,50.95,48900.0
2007-01-10,CHG,50.9,49800.0
2007-01-11,CHG,51.3,62200.0
2007-01-12,CHG,51.6,39700.0
2007-01-16,CHG,51.6,47500.0
2007-01-17,CHG,51.59,39900.0
2007-01-18,CHG,50.94,36400.0
2007-01-19,CHG,51.06,19700.0
2007-01-22,CHG,50.45,38400.0
2007-01-23,CHG,50.76,22700.0
2007-01-24,CHG,51.18,15500.0
2007-01-25,CHG,50.56,49400.0
2007-01-26,CHG,50.7,28300.0
2007-01-29,CHG,50.95,21000.0
2007-01-30,CHG,50.94,20900.0
2007-01-31,CHG,51.04,58000.0
2007-02-01,CHG,51.66,33900.0
2007-02-02,CHG,52.02,37500.0
2007-02-05,CHG,51.95,40700.0
2007-02-06,CHG,52.44,32900.0
2007-02-07,CHG,52.06,28200.0
2007-02-08,CHG,52.48,16700.0
2007-02-09,CHG,51.96,29500.0
2007-02-12,CHG,52.3,20551.0
2007-02-13,CHG,52.9,28900.0
2007-02-14,CHG,51.67,32900.0
2007-02-15,CHG,50.85,45000.0
2007-02-16,CHG,49.69,58800.0
2007-02-20,CHG,50.0,46200.0
2007-02-21,CHG,49.72,49200.0
2007-02-22,CHG,50.0,39100.0
2007-02-23,CHG,49.85,30500.0
2007-02-26,CHG,49.88,50700.0
2007-02-27,CHG,47.82,88000.0
2007-02-28,CHG,47.36,46100.0
2007-03-01,CHG,47.49,49500.0
2007-03-02,CHG,46.51,89100.0
2007-03-05,CHG,45.98,57500.0
2007-03-06,CHG,47.06,71600.0
2007-03-07,CHG,46.65,83700.0
2007-03-08,CHG,46.76,54300.0
2007-03-09,CHG,46.91,50200.0
2007-03-12,CHG,47.43,38900.0
2007-03-13,CHG,46.78,64100.0
2007-03-14,CHG,47.2,79100.0
2007-03-15,CHG,47.07,56100.0
2007-03-16,CHG,46.52,103400.0
2007-03-19,CHG,46.98,43000.0
2007-03-20,CHG,47.5,28600.0
2007-03-21,CHG,48.7,44100.0
2007-03-22,CHG,48.8,57300.0
2007-03-23,CHG,49.1,46000.0
2007-03-26,CHG,49.26,40100.0
2007-03-27,CHG,49.08,48300.0
2007-03-28,CHG,48.59,51100.0
2007-03-29,CHG,48.3,54000.0
2007-03-30,CHG,48.69,65100.0
2007-04-02,CHG,48.92,33100.0
2007-04-03,CHG,49.13,51600.0
2007-04-04,CHG,48.5,92700.0
2007-04-05,CHG,48.05,40700.0
2007-04-09,CHG,48.07,38700.0
2007-04-10,CHG,48.16,30400.0
2007-04-11,CHG,47.4,43100.0
2007-04-12,CHG,47.34,44700.0
2007-04-13,CHG,47.29,33000.0
2007-04-16,CHG,47.76,38900.0
2007-04-17,CHG,47.92,65800.0
2007-04-18,CHG,48.33,50600.0
2007-04-19,CHG,47.64,43700.0
2007-04-20,CHG,48.2,57300.0
2007-04-23,CHG,48.3,63000.0
2007-04-24,CHG,48.38,95200.0
2007-04-25,CHG,48.38,71300.0
2007-04-26,CHG,47.96,77500.0
2007-04-27,CHG,48.43,64600.0
2007-04-30,CHG,47.98,94000.0
2007-05-01,CHG,48.8,100100.0
2007-05-02,CHG,49.28,91200.0
2007-05-03,CHG,49.35,67600.0
2007-05-04,CHG,49.3,41100.0
2007-05-07,CHG,49.26,32100.0
2007-05-08,CHG,49.29,54100.0
2007-05-09,CHG,49.23,40500.0
2007-05-10,CHG,49.05,94900.0
2007-05-11,CHG,49.4,43800.0
2007-05-14,CHG,48.68,89500.0
2007-05-15,CHG,48.29,58400.0
2007-05-16,CHG,48.99,49900.0
2007-05-17,CHG,48.1,43900.0
2007-05-18,CHG,48.0,51300.0
2007-05-21,CHG,48.92,48300.0
2007-05-22,CHG,48.55,65100.0
2007-05-23,CHG,47.06,77100.0
2007-05-24,CHG,45.84,107400.0
2007-05-25,CHG,46.06,85800.0
2007-05-29,CHG,46.67,54900.0
2007-05-30,CHG,47.01,57400.0
2007-05-31,CHG,47.36,77100.0
2007-06-01,CHG,46.9,177800.0
2007-06-04,CHG,46.58,66400.0
2007-06-05,CHG,45.99,68000.0
2007-06-06,CHG,45.46,38400.0
2007-06-07,CHG,44.16,103400.0
2007-06-08,CHG,44.52,46700.0
2007-06-11,CHG,44.56,49000.0
2007-06-12,CHG,43.64,55000.0
2007-06-13,CHG,44.19,59500.0
2007-06-14,CHG,44.48,46200.0
2007-06-15,CHG,45.93,125400.0
2007-06-18,CHG,45.47,57700.0
2007-06-19,CHG,45.49,34900.0
2007-06-20,CHG,44.67,70000.0
2007-06-21,CHG,44.49,61900.0
2007-06-22,CHG,44.79,133600.0
2007-06-25,CHG,44.53,62100.0
2007-06-26,CHG,44.86,62900.0
2007-06-27,CHG,45.28,53000.0
2007-06-28,CHG,45.52,58200.0
2007-06-29,CHG,44.97,54200.0
2007-07-02,CHG,45.5,38700.0
2007-07-03,CHG,46.04,17800.0
2007-07-05,CHG,45.81,64000.0
2007-07-06,CHG,45.44,61000.0
2007-07-09,CHG,45.97,59400.0
2007-07-10,CHG,45.55,69400.0
2007-07-11,CHG,45.97,55400.0
2007-07-12,CHG,47.19,68800.0
2007-07-13,CHG,47.18,32400.0
2007-07-16,CHG,46.61,65000.0
2007-07-17,CHG,46.98,39500.0
2007-07-18,CHG,47.21,44800.0
2007-07-19,CHG,47.69,25900.0
2007-07-20,CHG,47.38,109000.0
2007-07-23,CHG,47.76,59500.0
2007-07-24,CHG,46.42,109800.0
2007-07-25,CHG,46.42,64400.0
2007-07-26,CHG,44.61,112800.0
2007-07-27,CHG,43.35,84800.0
2007-07-30,CHG,43.6,111000.0
2007-07-31,CHG,44.35,193900.0
2007-08-01,CHG,45.89,144300.0
2007-08-02,CHG,46.13,107400.0
2007-08-03,CHG,43.11,99700.0
2007-08-06,CHG,45.61,102100.0
2007-08-07,CHG,47.11,96800.0
2007-08-08,CHG,47.39,194800.0
2007-08-09,CHG,46.71,223700.0
2007-08-10,CHG,47.33,203200.0
2007-08-13,CHG,45.9,123700.0
2007-08-14,CHG,45.35,43700.0
2007-08-15,CHG,45.29,68800.0
2007-08-16,CHG,48.34,109400.0
2007-08-17,CHG,48.96,130100.0
2007-08-20,CHG,48.32,52200.0
2007-08-21,CHG,48.24,32700.0
2007-08-22,CHG,47.93,31100.0
2007-08-23,CHG,47.89,26200.0
2007-08-24,CHG,48.22,24600.0
2007-08-27,CHG,47.09,36800.0
2007-08-28,CHG,46.32,63100.0
2007-08-29,CHG,47.2,47800.0
2007-08-30,CHG,47.05,30500.0
2007-08-31,CHG,47.27,34300.0
2007-09-04,CHG,47.61,37600.0
2007-09-05,CHG,46.94,25900.0
2007-09-06,CHG,46.78,22000.0
2007-09-07,CHG,45.77,55400.0
2007-09-10,CHG,45.08,59600.0
2007-09-11,CHG,45.13,43600.0
2007-09-12,CHG,44.73,49200.0
2007-09-13,CHG,44.59,92800.0
2007-09-14,CHG,45.71,97300.0
2007-09-17,CHG,45.54,150500.0
2007-09-18,CHG,47.69,103000.0
2007-09-19,CHG,48.25,87900.0
2007-09-20,CHG,48.04,61800.0
2007-09-21,CHG,48.96,113000.0
2007-09-24,CHG,48.62,114100.0
2007-09-25,CHG,48.54,46400.0
2007-09-26,CHG,49.19,37000.0
2007-09-27,CHG,49.57,70800.0
2007-09-28,CHG,47.8,68100.0
2007-10-01,CHG,49.62,51300.0
2007-10-02,CHG,49.54,44900.0
2007-10-03,CHG,48.49,79600.0
2007-10-04,CHG,48.78,76400.0
2007-10-05,CHG,49.53,72300.0
2007-10-08,CHG,49.14,69700.0
2007-10-09,CHG,50.08,59200.0
2007-10-10,CHG,48.35,54100.0
2007-10-11,CHG,47.62,57900.0
2007-10-12,CHG,48.62,36300.0
2007-10-15,CHG,46.84,56800.0
2007-10-16,CHG,46.77,37700.0
2007-10-17,CHG,47.22,53700.0
2007-10-18,CHG,47.34,46600.0
2007-10-19,CHG,44.96,82300.0
2007-10-22,CHG,45.56,63800.0
2007-10-23,CHG,46.09,53500.0
2007-10-24,CHG,45.97,60500.0
2007-10-25,CHG,46.4,55000.0
2007-10-26,CHG,47.64,63500.0
2007-10-29,CHG,46.5,97400.0
2007-10-30,CHG,46.15,89700.0
2007-10-31,CHG,46.74,89000.0
2007-11-01,CHG,45.01,148500.0
2007-11-02,CHG,44.86,105200.0
2007-11-05,CHG,44.43,57904.0
2007-11-06,CHG,44.37,78200.0
2007-11-07,CHG,41.48,132400.0
2007-11-08,CHG,42.76,111400.0
2007-11-09,CHG,42.77,89600.0
2007-11-12,CHG,43.64,75000.0
2007-11-13,CHG,44.11,86200.0
2007-11-14,CHG,43.26,80800.0
2007-11-15,CHG,43.43,83000.0
2007-11-16,CHG,43.67,122600.0
2007-11-19,CHG,43.64,127900.0
2007-11-20,CHG,44.27,99500.0
2007-11-21,CHG,44.5,155700.0
2007-11-23,CHG,45.23,32442.0
2007-11-26,CHG,44.55,109000.0
2007-11-27,CHG,44.12,75900.0
2007-11-28,CHG,44.91,64400.0
2007-11-29,CHG,44.51,55600.0
2007-11-30,CHG,44.32,77500.0
2007-12-03,CHG,43.23,96900.0
2007-12-04,CHG,42.34,98850.0
2007-12-05,CHG,43.22,63200.0
2007-12-06,CHG,44.48,63100.0
2007-12-07,CHG,43.65,44600.0
2007-12-10,CHG,43.79,45800.0
2007-12-11,CHG,42.42,66620.0
2007-12-12,CHG,42.61,84440.0
2007-12-13,CHG,43.29,56300.0
2007-12-14,CHG,42.53,63800.0
2007-12-17,CHG,42.52,34900.0
2007-12-18,CHG,43.83,71500.0
2007-12-19,CHG,43.63,54300.0
2007-12-20,CHG,44.42,90000.0
2007-12-21,CHG,44.99,181800.0
2007-12-24,CHG,45.55,19100.0
2007-12-26,CHG,44.72,67600.0
2007-12-27,CHG,44.36,88500.0
2007-12-28,CHG,44.52,56300.0
2007-12-31,CHG,44.54,69200.0
2008-01-02,CHG,44.32,133400.0
2008-01-03,CHG,43.0,100350.0
2008-01-04,CHG,42.26,101750.0
2008-01-07,CHG,42.44,137400.0
2008-01-08,CHG,40.51,130600.0
2008-01-09,CHG,40.45,150490.0
2008-01-10,CHG,40.25,98450.0
2008-01-11,CHG,39.87,111200.0
2008-01-14,CHG,39.85,110000.0
2008-01-15,CHG,39.55,78260.0
2008-01-16,CHG,39.02,188200.0
2008-01-17,CHG,38.14,75335.0
2008-01-18,CHG,36.9,164000.0
2008-01-22,CHG,35.81,185696.0
2008-01-23,CHG,36.15,240168.0
2008-01-24,CHG,35.76,150500.0
2008-01-25,CHG,35.99,120682.0
2008-01-28,CHG,36.34,92342.0
2008-01-29,CHG,36.84,94000.0
2008-01-30,CHG,37.01,116705.0
2008-01-31,CHG,38.59,135100.0
2008-02-01,CHG,39.33,103000.0
2008-02-04,CHG,40.32,126610.0
2008-02-05,CHG,39.43,77700.0
2008-02-06,CHG,39.3,84725.0
2008-02-07,CHG,39.86,68800.0
2008-02-08,CHG,39.11,49000.0
2008-02-11,CHG,39.21,52400.0
2008-02-12,CHG,39.59,53800.0
2008-02-13,CHG,40.2,80600.0
2008-02-14,CHG,39.88,119500.0
2008-02-15,CHG,38.96,94168.0
2008-02-19,CHG,37.91,117300.0
2008-02-20,CHG,38.36,99400.0
2008-02-21,CHG,37.0,86800.0
2008-02-22,CHG,37.72,81025.0
2008-02-25,CHG,38.06,81400.0
2008-02-26,CHG,37.72,87300.0
2008-02-27,CHG,35.76,168100.0
2008-02-28,CHG,36.45,105800.0
2008-02-29,CHG,35.78,86130.0
2008-03-03,CHG,35.35,109550.0
2008-03-04,CHG,35.37,142501.0
2008-03-05,CHG,35.52,131300.0
2008-03-06,CHG,35.08,92880.0
2008-03-07,CHG,35.32,94640.0
2008-03-10,CHG,35.63,74803.0
2008-03-11,CHG,37.08,119244.0
2008-03-12,CHG,36.45,81300.0
2008-03-13,CHG,36.99,77800.0
2008-03-14,CHG,36.41,154200.0
2008-03-17,CHG,37.35,76108.0
2008-03-18,CHG,38.7,132699.0
2008-03-19,CHG,38.45,139300.0
2008-03-20,CHG,39.38,274900.0
2008-03-24,CHG,39.01,134500.0
2008-03-25,CHG,39.57,65000.0
2008-03-26,CHG,41.1,163500.0
2008-03-27,CHG,38.27,191100.0
2008-03-28,CHG,38.23,91115.0
2008-03-31,CHG,38.9,126463.0
2008-04-01,CHG,40.0,98530.0
2008-04-02,CHG,40.31,86412.0
2008-04-03,CHG,39.92,58884.0
2008-04-04,CHG,39.59,45926.0
2008-04-07,CHG,40.11,57022.0
2008-04-08,CHG,39.61,50305.0
2008-04-09,CHG,39.2,57300.0
2008-04-10,CHG,39.35,51800.0
2008-04-11,CHG,38.35,65300.0
2008-04-14,CHG,38.73,66360.0
2008-04-15,CHG,39.42,73900.0
2008-04-16,CHG,40.24,98547.0
2008-04-17,CHG,40.15,96902.0
2008-04-18,CHG,40.31,72900.0
2008-04-21,CHG,39.53,78501.0
2008-04-22,CHG,38.73,156173.0
2008-04-23,CHG,39.59,90071.0
2008-04-24,CHG,39.99,78881.0
2008-04-25,CHG,39.65,98992.0
2008-04-28,CHG,37.26,217549.0
2008-04-29,CHG,35.84,167400.0
2008-04-30,CHG,35.36,151764.0
2008-05-01,CHG,36.72,144960.0
2008-05-02,CHG,36.4,105092.0
2008-05-05,CHG,36.37,107821.0
2008-05-06,CHG,36.7,109230.0
2008-05-07,CHG,36.4,62894.0
2008-05-08,CHG,36.65,83166.0
2008-05-09,CHG,36.75,57094.0
2008-05-12,CHG,37.6,79624.0
2008-05-13,CHG,37.56,54394.0
2008-05-14,CHG,37.84,87633.0
2008-05-15,CHG,37.58,51788.0
2008-05-16,CHG,37.08,59400.0
2008-05-19,CHG,37.57,74387.0
2008-05-20,CHG,37.99,62343.0
2008-05-21,CHG,38.3,68181.0
2008-05-22,CHG,38.92,83921.0
2008-05-23,CHG,38.29,213762.0
2008-05-27,CHG,39.2,148840.0
2008-05-28,CHG,38.09,93878.0
2008-05-29,CHG,38.13,177619.0
2008-05-30,CHG,37.88,139545.0
2008-06-02,CHG,37.9,80461.0
2008-06-03,CHG,37.3,48715.0
2008-06-04,CHG,38.03,45071.0
2008-06-05,CHG,38.49,45773.0
2008-06-06,CHG,37.25,33866.0
2008-06-09,CHG,37.51,53976.0
2008-06-10,CHG,37.15,66613.0
2008-06-11,CHG,36.57,54453.0
2008-06-12,CHG,37.0,47712.0
2008-06-13,CHG,37.31,27392.0
2008-06-16,CHG,36.76,42607.0
2008-06-17,CHG,36.88,52377.0
2008-06-18,CHG,37.21,37670.0
2008-06-19,CHG,37.38,45008.0
2008-06-20,CHG,37.42,128628.0
2008-06-23,CHG,36.8,45809.0
2008-06-24,CHG,36.5,34395.0
2008-06-25,CHG,36.49,50883.0
2008-06-26,CHG,35.63,48601.0
2008-06-27,CHG,34.25,133492.0
2008-06-30,CHG,35.57,85817.0
2008-07-01,CHG,35.78,50572.0
2008-07-02,CHG,34.81,56546.0
2008-07-03,CHG,34.89,25530.0
2008-07-07,CHG,34.52,77343.0
2008-07-08,CHG,35.71,117366.0
2008-07-09,CHG,35.18,113739.0
2008-07-10,CHG,35.76,59702.0
2008-07-11,CHG,36.91,89298.0
2008-07-14,CHG,36.81,83086.0
2008-07-15,CHG,36.88,63143.0
2008-07-16,CHG,36.59,47823.0
2008-07-17,CHG,36.7,50589.0
2008-07-18,CHG,36.37,44529.0
2008-07-21,CHG,37.04,27631.0
2008-07-22,CHG,38.81,76630.0
2008-07-23,CHG,37.59,51621.0
2008-07-24,CHG,37.65,52729.0
2008-07-25,CHG,37.87,81591.0
2008-07-28,CHG,36.47,114033.0
2008-07-29,CHG,36.63,101831.0
2008-07-30,CHG,36.88,86282.0
2008-07-31,CHG,36.25,62317.0
2008-08-01,CHG,36.49,97610.0
2008-08-04,CHG,35.94,74243.0
2008-08-05,CHG,36.25,84214.0
2008-08-06,CHG,36.3,73821.0
2008-08-07,CHG,36.19,68451.0
2008-08-08,CHG,36.63,59871.0
2008-08-11,CHG,39.0,62178.0
2008-08-12,CHG,39.1,51302.0
2008-08-13,CHG,40.18,52571.0
2008-08-14,CHG,40.95,73514.0
2008-08-15,CHG,40.1,110787.0
2008-08-18,CHG,40.63,43788.0
2008-08-19,CHG,41.22,61866.0
2008-08-20,CHG,40.7,64530.0
2008-08-21,CHG,40.21,39375.0
2008-08-22,CHG,40.61,42521.0
2008-08-25,CHG,39.86,45480.0
2008-08-26,CHG,40.43,29956.0
2008-08-27,CHG,40.95,56811.0
2008-08-28,CHG,41.05,41468.0
2008-08-29,CHG,39.8,63327.0
2008-09-02,CHG,39.85,58059.0
2008-09-03,CHG,40.05,61473.0
2008-09-04,CHG,39.91,60224.0
2008-09-05,CHG,39.91,47146.0
2008-09-08,CHG,41.2,84922.0
2008-09-09,CHG,41.17,66327.0
2008-09-10,CHG,41.41,62953.0
2008-09-11,CHG,41.46,75884.0
2008-09-12,CHG,41.41,47417.0
2008-09-15,CHG,40.99,53752.0
2008-09-16,CHG,44.4,165627.0
2008-09-17,CHG,43.3,119069.0
2008-09-18,CHG,46.99,226192.0
2008-09-19,CHG,48.9,387070.0
2008-09-22,CHG,44.49,144757.0
2008-09-23,CHG,43.87,147733.0
2008-09-24,CHG,43.83,43463.0
2008-09-25,CHG,45.28,61936.0
2008-09-26,CHG,44.59,78070.0
2008-09-29,CHG,44.3,83903.0
2008-09-30,CHG,43.57,83725.0
2008-10-01,CHG,43.95,143345.0
2008-10-02,CHG,43.65,142493.0
2008-10-03,CHG,43.16,76914.0
2008-10-06,CHG,42.22,110313.0
2008-10-07,CHG,41.7,101003.0
2008-10-08,CHG,40.25,159509.0
2008-10-09,CHG,36.8,110966.0
2008-10-10,CHG,37.39,158903.0
2008-10-13,CHG,41.53,104832.0
2008-10-14,CHG,40.82,68787.0
2008-10-15,CHG,37.81,63283.0
2008-10-16,CHG,40.63,108828.0
2008-10-17,CHG,39.98,108922.0
2008-10-20,CHG,42.37,86988.0
2008-10-21,CHG,42.06,77916.0
2008-10-22,CHG,42.28,71502.0
2008-10-23,CHG,40.67,150462.0
2008-10-24,CHG,40.27,78049.0
2008-10-27,CHG,38.12,99336.0
2008-10-28,CHG,40.73,133165.0
2008-10-29,CHG,40.07,108448.0
2008-10-30,CHG,40.74,102806.0
2008-10-31,CHG,41.23,181724.0
2008-11-03,CHG,41.99,131933.0
2008-11-04,CHG,41.18,159661.0
2008-11-05,CHG,41.28,129873.0
2008-11-06,CHG,40.52,87814.0
2008-11-07,CHG,41.64,58897.0
2008-11-10,CHG,40.82,60070.0
2008-11-11,CHG,40.3,89677.0
2008-11-12,CHG,39.74,60510.0
2008-11-13,CHG,43.42,118708.0
2008-11-14,CHG,41.0,100893.0
2008-11-17,CHG,42.05,86784.0
2008-11-18,CHG,42.4,124483.0
2008-11-19,CHG,41.51,102835.0
2008-11-20,CHG,38.46,109100.0
2008-11-21,CHG,41.15,125218.0
2008-11-24,CHG,41.63,116811.0
2008-11-25,CHG,42.51,77932.0
2008-11-26,CHG,43.31,78784.0
2008-11-28,CHG,43.74,53472.0
2008-12-01,CHG,40.81,76225.0
2008-12-02,CHG,41.48,99626.0
2008-12-03,CHG,42.89,165925.0
2008-12-04,CHG,41.68,82658.0
2008-12-05,CHG,43.12,81254.0
2008-12-08,CHG,43.67,111225.0
2008-12-09,CHG,42.95,84650.0
2008-12-10,CHG,43.69,67089.0
2008-12-11,CHG,43.46,59567.0
2008-12-12,CHG,45.0,69050.0
2008-12-15,CHG,42.37,74213.0
2008-12-16,CHG,45.3,88354.0
2008-12-17,CHG,45.85,92668.0
2008-12-18,CHG,46.42,47508.0
2008-12-19,CHG,46.68,170854.0
2008-12-22,CHG,47.22,69208.0
2008-12-23,CHG,47.55,82763.0
2008-12-24,CHG,48.01,47775.0
2008-12-26,CHG,48.11,52671.0
2008-12-29,CHG,49.5,102521.0
2008-12-30,CHG,50.88,202794.0
2008-12-31,CHG,51.39,137931.0
2009-01-02,CHG,50.04,104826.0
2009-01-05,CHG,49.37,136892.0
2009-01-06,CHG,48.88,121442.0
2009-01-07,CHG,48.07,87843.0
2009-01-08,CHG,48.0,93657.0
2009-01-09,CHG,46.91,264639.0
2009-01-12,CHG,47.3,237953.0
2009-01-13,CHG,46.99,69211.0
2009-01-14,CHG,46.26,116440.0
2009-01-15,CHG,46.81,121283.0
2009-01-16,CHG,47.62,90929.0
2009-01-20,CHG,46.89,100175.0
2009-01-21,CHG,48.06,83056.0
2009-01-22,CHG,47.74,58400.0
2009-01-23,CHG,46.7,56414.0
2009-01-26,CHG,49.29,155960.0
2009-01-27,CHG,50.54,88210.0
2009-01-28,CHG,51.18,85258.0
2009-01-29,CHG,50.94,62844.0
2009-01-30,CHG,50.58,115898.0
2009-02-02,CHG,51.88,212028.0
2009-02-03,CHG,51.33,97631.0
2009-02-04,CHG,51.53,88535.0
2009-02-05,CHG,51.57,95023.0
2009-02-06,CHG,52.06,77831.0
2009-02-09,CHG,51.16,52025.0
2009-02-10,CHG,49.85,101116.0
2009-02-11,CHG,49.73,68463.0
2009-02-12,CHG,49.52,109361.0
2009-02-13,CHG,48.28,117364.0
2009-02-17,CHG,45.91,176937.0
2009-02-18,CHG,45.32,90806.0
2009-02-19,CHG,45.97,112339.0
2009-02-20,CHG,44.46,106998.0
2009-02-23,CHG,43.13,86479.0
2009-02-24,CHG,43.92,77880.0
2009-02-25,CHG,42.83,138410.0
2009-02-26,CHG,42.23,69005.0
2009-02-27,CHG,41.66,91292.0
2009-03-02,CHG,41.7,242549.0
2009-03-03,CHG,39.68,224152.0
2009-03-04,CHG,40.97,148465.0
2009-03-05,CHG,39.51,106006.0
2009-03-06,CHG,39.56,80708.0
2009-03-09,CHG,39.03,107021.0
2009-03-10,CHG,39.62,101803.0
2009-03-11,CHG,38.36,109192.0
2009-03-12,CHG,39.62,94393.0
2009-03-13,CHG,40.09,37377.0
2009-03-16,CHG,39.9,116055.0
2009-03-17,CHG,41.13,72095.0
2009-03-18,CHG,43.37,97431.0
2009-03-19,CHG,43.47,59811.0
2009-03-20,CHG,42.58,122240.0
2009-03-23,CHG,43.8,102382.0
2009-03-24,CHG,42.93,66558.0
2009-03-25,CHG,43.59,108102.0
2009-03-26,CHG,45.31,131997.0
2009-03-27,CHG,44.38,92044.0
2009-03-30,CHG,44.56,71632.0
2009-03-31,CHG,46.9,120304.0
2009-04-01,CHG,46.33,130653.0
2009-04-02,CHG,47.32,151137.0
2009-04-03,CHG,47.2,69723.0
2009-04-06,CHG,46.96,86842.0
2009-04-07,CHG,45.54,77051.0
2009-04-08,CHG,46.12,35312.0
2009-04-09,CHG,47.28,87029.0
2009-04-13,CHG,45.91,68790.0
2009-04-14,CHG,44.0,62981.0
2009-04-15,CHG,44.54,91497.0
2009-04-16,CHG,44.93,56919.0
2009-04-17,CHG,44.66,66694.0
2009-04-20,CHG,43.77,55128.0
2009-04-21,CHG,44.26,85950.0
2009-04-22,CHG,44.73,110106.0
2009-04-23,CHG,44.11,77859.0
2009-04-24,CHG,44.14,117034.0
2009-04-27,CHG,43.85,61119.0
2009-04-28,CHG,44.6,53038.0
2009-04-29,CHG,45.43,69119.0
2009-04-30,CHG,44.44,89866.0
2009-05-01,CHG,46.45,76371.0
2009-05-04,CHG,46.04,97417.0
2009-05-05,CHG,44.6,96915.0
2009-05-06,CHG,43.59,76021.0
2009-05-07,CHG,43.63,63887.0
2009-05-08,CHG,44.43,49719.0
2009-05-11,CHG,43.32,104489.0
2009-05-12,CHG,44.01,72321.0
2009-05-13,CHG,43.28,62212.0
2009-05-14,CHG,43.29,49039.0
2009-05-15,CHG,42.62,65912.0
2009-05-18,CHG,42.84,61076.0
2009-05-19,CHG,42.65,33071.0
2009-05-20,CHG,41.8,103129.0
2009-05-21,CHG,41.03,90511.0
2009-05-22,CHG,41.06,38166.0
2009-05-26,CHG,42.91,57571.0
2009-05-27,CHG,41.52,42879.0
2009-05-28,CHG,41.25,44880.0
2009-05-29,CHG,41.47,51125.0
2009-06-01,CHG,43.11,49271.0
2009-06-02,CHG,43.87,67475.0
2009-06-03,CHG,42.92,96087.0
2009-06-04,CHG,43.18,33652.0
2009-06-05,CHG,43.19,29769.0
2009-06-08,CHG,43.23,40099.0
2009-06-09,CHG,42.71,37432.0
2009-06-10,CHG,42.77,60880.0
2009-06-11,CHG,43.75,92883.0
2009-06-12,CHG,44.79,33463.0
2009-06-15,CHG,43.6,50491.0
2009-06-16,CHG,43.75,83202.0
2009-06-17,CHG,44.35,36793.0
2009-06-18,CHG,45.76,61570.0
2009-06-19,CHG,46.11,120672.0
2009-06-22,CHG,45.75,79322.0
2009-06-23,CHG,45.35,63214.0
2009-06-24,CHG,45.47,33484.0
2009-06-25,CHG,46.54,38158.0
2009-06-26,CHG,47.26,110974.0
2009-06-29,CHG,47.22,37198.0
2009-06-30,CHG,46.7,72728.0
2009-07-01,CHG,48.1,56884.0
2009-07-02,CHG,46.54,38971.0
2009-07-06,CHG,48.11,49537.0
2009-07-07,CHG,47.7,104122.0
2009-07-08,CHG,46.85,62187.0
2009-07-09,CHG,46.28,35332.0
2009-07-10,CHG,46.49,28512.0
2009-07-13,CHG,47.74,48321.0
2009-07-14,CHG,47.27,42456.0
2009-07-15,CHG,48.85,45189.0
2009-07-16,CHG,49.62,31331.0
2009-07-17,CHG,48.75,40221.0
2009-07-20,CHG,48.08,41935.0
2009-07-21,CHG,48.86,38231.0
2009-07-22,CHG,48.97,20172.0
2009-07-23,CHG,50.94,73907.0
2009-07-24,CHG,51.19,29079.0
2009-07-27,CHG,50.09,65010.0
2009-07-28,CHG,50.4,43760.0
2009-07-29,CHG,49.7,60447.0
2009-07-30,CHG,49.84,90883.0
2009-07-31,CHG,49.49,68523.0
2009-08-03,CHG,50.9,73314.0
2009-08-04,CHG,49.76,96091.0
2009-08-05,CHG,48.4,54221.0
2009-08-06,CHG,47.12,63335.0
2009-08-07,CHG,48.73,53452.0
2009-08-10,CHG,48.2,47749.0
2009-08-11,CHG,47.89,30695.0
2009-08-12,CHG,49.04,43696.0
2009-08-13,CHG,48.0,53902.0
2009-08-14,CHG,48.07,63766.0
2009-08-17,CHG,47.61,35622.0
2009-08-18,CHG,47.55,48714.0
2009-08-19,CHG,48.16,24065.0
2009-08-20,CHG,48.0,34116.0
2009-08-21,CHG,49.47,59644.0
2009-08-24,CHG,49.65,30119.0
2009-08-25,CHG,49.0,28683.0
2009-08-26,CHG,48.68,38993.0
2009-08-27,CHG,48.5,22397.0
2009-08-28,CHG,47.1,44916.0
2009-08-31,CHG,45.76,103818.0
2009-09-01,CHG,45.24,56799.0
2009-09-02,CHG,44.7,82223.0
2009-09-03,CHG,44.48,29194.0
2009-09-04,CHG,44.82,30491.0
2009-09-08,CHG,44.57,35019.0
2009-09-09,CHG,44.48,52773.0
2009-09-10,CHG,44.5,49063.0
2009-09-11,CHG,44.16,33733.0
2009-09-14,CHG,44.21,45776.0
2009-09-15,CHG,45.07,40176.0
2009-09-16,CHG,46.46,30090.0
2009-09-17,CHG,46.12,22007.0
2009-09-18,CHG,45.69,73161.0
2009-09-21,CHG,45.63,24545.0
2009-09-22,CHG,44.93,38354.0
2009-09-23,CHG,44.97,43044.0
2009-09-24,CHG,44.86,31713.0
2009-09-25,CHG,44.76,33620.0
2009-09-28,CHG,45.11,37402.0
2009-09-29,CHG,44.88,26629.0
2009-09-30,CHG,44.31,58437.0
2009-10-01,CHG,43.86,36885.0
2009-10-02,CHG,43.98,28960.0
2009-10-05,CHG,44.0,67418.0
2009-10-06,CHG,44.27,58541.0
2009-10-07,CHG,44.1,47182.0
2009-10-08,CHG,43.41,63249.0
2009-10-09,CHG,43.5,37943.0
2009-10-12,CHG,43.67,37354.0
2009-10-13,CHG,43.28,33495.0
2009-10-14,CHG,43.9,62965.0
2009-10-15,CHG,44.11,108842.0
2009-10-16,CHG,43.9,55058.0
2009-10-19,CHG,44.41,29969.0
2009-10-20,CHG,43.73,73041.0
2009-10-21,CHG,44.02,84557.0
2009-10-22,CHG,44.55,50138.0
2009-10-23,CHG,43.59,62907.0
2009-10-26,CHG,43.53,65005.0
2009-10-27,CHG,43.01,67148.0
2009-10-28,CHG,43.11,58678.0
2009-10-29,CHG,42.53,62253.0
2009-10-30,CHG,41.41,63980.0
2009-11-02,CHG,41.76,72606.0
2009-11-03,CHG,41.64,45122.0
2009-11-04,CHG,41.74,54385.0
2009-11-05,CHG,42.59,64152.0
2009-11-06,CHG,42.7,34515.0
2009-11-09,CHG,43.17,32654.0
2009-11-10,CHG,43.26,30823.0
2009-11-11,CHG,42.96,40735.0
2009-11-12,CHG,41.82,38209.0
2009-11-13,CHG,41.73,37167.0
2009-11-16,CHG,42.6,59007.0
2009-11-17,CHG,42.75,32848.0
2009-11-18,CHG,42.41,23738.0
2009-11-19,CHG,41.09,59393.0
2009-11-20,CHG,41.43,43869.0
2009-11-23,CHG,41.71,43620.0
2009-11-24,CHG,41.75,22683.0
2009-11-25,CHG,41.62,23579.0
2009-11-27,CHG,40.7,20500.0
2009-11-30,CHG,40.38,84785.0
2009-12-01,CHG,40.36,72025.0
2009-12-02,CHG,41.05,83402.0
2009-12-03,CHG,40.61,44925.0
2009-12-04,CHG,41.39,34028.0
2009-12-07,CHG,41.93,18604.0
2009-12-08,CHG,41.73,34704.0
2009-12-09,CHG,41.93,40071.0
2009-12-10,CHG,41.55,31209.0
2009-12-11,CHG,41.98,48948.0
2009-12-14,CHG,42.09,61368.0
2009-12-15,CHG,41.74,56379.0
2009-12-16,CHG,41.64,39974.0
2009-12-17,CHG,41.59,50167.0
2009-12-18,CHG,41.36,138010.0
2009-12-21,CHG,41.64,24853.0
2009-12-22,CHG,41.62,29212.0
2009-12-23,CHG,41.75,40240.0
2009-12-24,CHG,42.37,15964.0
2009-12-28,CHG,43.13,38503.0
2009-12-29,CHG,43.53,26422.0
2009-12-30,CHG,43.5,27183.0
2009-12-31,CHG,42.52,36666.0
2010-01-04,CHG,43.21,50030.0
2010-01-05,CHG,42.41,117641.0
2010-01-06,CHG,40.64,204683.0
2010-01-07,CHG,40.37,67012.0
2010-01-08,CHG,40.48,54802.0
2010-01-11,CHG,41.47,80587.0
2010-01-12,CHG,41.67,41536.0
2010-01-13,CHG,41.82,51491.0
2010-01-14,CHG,41.79,29672.0
2010-01-15,CHG,41.96,80605.0
2010-01-19,CHG,42.28,60856.0
2010-01-20,CHG,41.79,35071.0
2010-01-21,CHG,41.48,52190.0
2010-01-22,CHG,40.72,57205.0
2010-01-25,CHG,40.72,21108.0
2010-01-26,CHG,40.32,28395.0
2010-01-27,CHG,40.64,28512.0
2010-01-28,CHG,40.18,46273.0
2010-01-29,CHG,39.55,56222.0
2010-02-01,CHG,40.27,73114.0
2010-02-02,CHG,40.41,37939.0
2010-02-03,CHG,39.81,34246.0
2010-02-04,CHG,39.35,46064.0
2010-02-05,CHG,39.52,31767.0
2010-02-08,CHG,38.62,43231.0
2010-02-09,CHG,39.12,42882.0
2010-02-10,CHG,38.89,33931.0
2010-02-11,CHG,39.0,58709.0
2010-02-12,CHG,38.56,50920.0
2010-02-16,CHG,38.94,64958.0
2010-02-17,CHG,39.14,52212.0
2010-02-18,CHG,39.5,29682.0
2010-02-19,CHG,40.51,46606.0
2010-02-22,CHG,40.63,28890.0
2010-02-23,CHG,40.66,28208.0
2010-02-24,CHG,40.88,21432.0
2010-02-25,CHG,40.76,31745.0
2010-02-26,CHG,39.99,39900.0
2010-03-01,CHG,40.3,62255.0
2010-03-02,CHG,41.29,51901.0
2010-03-03,CHG,40.98,54279.0
2010-03-04,CHG,41.21,25428.0
2010-03-05,CHG,41.69,66520.0
2010-03-08,CHG,41.35,34469.0
2010-03-09,CHG,41.2,31159.0
2010-03-10,CHG,41.31,37408.0
2010-03-11,CHG,41.34,39820.0
2010-03-12,CHG,41.1,45595.0
2010-03-15,CHG,41.24,27959.0
2010-03-16,CHG,41.41,41602.0
2010-03-17,CHG,41.58,26845.0
2010-03-18,CHG,41.37,23780.0
2010-03-19,CHG,41.58,132369.0
2010-03-22,CHG,41.55,25474.0
2010-03-23,CHG,41.49,46861.0
2010-03-24,CHG,40.8,52076.0
2010-03-25,CHG,40.6,46666.0
2010-03-26,CHG,40.62,34062.0
2010-03-29,CHG,41.04,40166.0
2010-03-30,CHG,41.48,36298.0
2010-03-31,CHG,40.84,39387.0
2010-04-01,CHG,41.27,26898.0
2010-04-05,CHG,41.76,29941.0
2010-04-06,CHG,42.4,39394.0
2010-04-07,CHG,42.58,95953.0
2010-04-08,CHG,41.73,29785.0
2010-04-09,CHG,41.62,37485.0
2010-04-12,CHG,42.14,45942.0
2010-04-13,CHG,42.03,24870.0
2010-04-14,CHG,42.31,38040.0
2010-04-15,CHG,42.41,28266.0
2010-04-16,CHG,42.18,42961.0
2010-04-19,CHG,42.32,34664.0
2010-04-20,CHG,42.67,21894.0
2010-04-21,CHG,42.42,45246.0
2010-04-22,CHG,42.41,40284.0
2010-04-23,CHG,43.02,48319.0
2010-04-26,CHG,42.8,30489.0
2010-04-27,CHG,42.35,31373.0
2010-04-28,CHG,42.51,25609.0
2010-04-29,CHG,43.1,46352.0
2010-04-30,CHG,41.42,59318.0
2010-05-03,CHG,42.78,77401.0
2010-05-04,CHG,42.17,74938.0
2010-05-05,CHG,41.74,43309.0
2010-05-06,CHG,40.64,66615.0
2010-05-07,CHG,39.7,95068.0
2010-05-10,CHG,41.03,54131.0
2010-05-11,CHG,41.9,48646.0
2010-05-12,CHG,42.25,52766.0
2010-05-13,CHG,42.19,45565.0
2010-05-14,CHG,42.05,37457.0
2010-05-17,CHG,42.62,88604.0
2010-05-18,CHG,42.12,47355.0
2010-05-19,CHG,41.82,39645.0
2010-05-20,CHG,40.29,53015.0
2010-05-21,CHG,39.89,63938.0
2010-05-24,CHG,39.37,35928.0
2010-05-25,CHG,38.88,53202.0
2010-05-26,CHG,39.14,110282.0
2010-05-27,CHG,39.31,76669.0
2010-05-28,CHG,38.89,59892.0
2010-06-01,CHG,38.13,66427.0
2010-06-02,CHG,39.3,69155.0
2010-06-03,CHG,39.72,37480.0
2010-06-04,CHG,38.21,74983.0
2010-06-07,CHG,38.07,54336.0
2010-06-08,CHG,38.4,61609.0
2010-06-09,CHG,38.26,52129.0
2010-06-10,CHG,38.99,48037.0
2010-06-11,CHG,39.06,24746.0
2010-06-14,CHG,39.32,39578.0
2010-06-15,CHG,39.85,82783.0
2010-06-16,CHG,39.89,47374.0
2010-06-17,CHG,40.34,30801.0
2010-06-18,CHG,40.39,83900.0
2010-06-21,CHG,40.15,30287.0
2010-06-22,CHG,39.52,47731.0
2010-06-23,CHG,39.14,34860.0
2010-06-24,CHG,39.24,40013.0
2010-06-25,CHG,39.58,127268.0
2010-06-28,CHG,39.99,52958.0
2010-06-29,CHG,39.61,52051.0
2010-06-30,CHG,39.24,68401.0
2010-07-01,CHG,39.09,55871.0
2010-07-02,CHG,39.06,37621.0
2010-07-06,CHG,39.02,74373.0
2010-07-07,CHG,39.08,59677.0
2010-07-08,CHG,39.91,76362.0
2010-07-09,CHG,40.09,39970.0
2010-07-12,CHG,39.82,33372.0
2010-07-13,CHG,40.51,55759.0
2010-07-14,CHG,40.51,33245.0
2010-07-15,CHG,40.74,71616.0
2010-07-16,CHG,39.72,57680.0
2010-07-19,CHG,40.03,27591.0
2010-07-20,CHG,40.45,38732.0
2010-07-21,CHG,40.06,58161.0
2010-07-22,CHG,40.96,61700.0
2010-07-23,CHG,41.44,50303.0
2010-07-26,CHG,42.29,48596.0
2010-07-27,CHG,42.8,35726.0
2010-07-28,CHG,42.2,40121.0
2010-07-29,CHG,42.55,38558.0
2010-07-30,CHG,41.8,33275.0
2010-08-02,CHG,42.95,74483.0
2010-08-03,CHG,42.35,39406.0
2010-08-04,CHG,42.72,27573.0
2010-08-05,CHG,42.65,20629.0
2010-08-06,CHG,42.37,49972.0
2010-08-09,CHG,42.93,40154.0
2010-08-10,CHG,42.74,60316.0
2010-08-11,CHG,41.75,68964.0
2010-08-12,CHG,41.82,53128.0
2010-08-13,CHG,41.3,43992.0
2010-08-16,CHG,41.58,24513.0
2010-08-17,CHG,42.01,41261.0
2010-08-18,CHG,41.81,28634.0
2010-08-19,CHG,40.72,55752.0
2010-08-20,CHG,40.95,46618.0
2010-08-23,CHG,40.69,40086.0
2010-08-24,CHG,41.0,44473.0
2010-08-25,CHG,41.5,34833.0
2010-08-26,CHG,41.48,32476.0
2010-08-27,CHG,42.52,66665.0
2010-08-30,CHG,41.62,35323.0
2010-08-31,CHG,42.14,58603.0
2010-09-01,CHG,42.78,48468.0
2010-09-02,CHG,42.41,32039.0
2010-09-03,CHG,42.68,31335.0
2010-09-07,CHG,42.56,43255.0
2010-09-08,CHG,42.14,35050.0
2010-09-09,CHG,42.4,17451.0
2010-09-10,CHG,42.2,22963.0
2010-09-13,CHG,42.69,45940.0
2010-09-14,CHG,42.56,25122.0
2010-09-15,CHG,42.37,21491.0
2010-09-16,CHG,41.74,20543.0
2010-09-17,CHG,42.06,88782.0
2010-09-20,CHG,43.17,55962.0
2010-09-21,CHG,42.88,29781.0
2010-09-22,CHG,43.46,54426.0
2010-09-23,CHG,42.74,53593.0
2010-09-24,CHG,43.93,44502.0
2010-09-27,CHG,44.34,29340.0
2010-09-28,CHG,44.68,59868.0
2010-09-29,CHG,44.56,48517.0
2010-09-30,CHG,44.16,43180.0
2010-10-01,CHG,44.49,34673.0
2010-10-04,CHG,44.19,37537.0
2010-10-05,CHG,44.99,48494.0
2010-10-06,CHG,45.14,47249.0
2010-10-07,CHG,44.49,46763.0
2010-10-08,CHG,44.96,46994.0
2010-10-11,CHG,44.71,37841.0
2010-10-12,CHG,44.25,48394.0
2010-10-13,CHG,45.41,57544.0
2010-10-14,CHG,45.8,36056.0
2010-10-15,CHG,46.0,57434.0
2010-10-18,CHG,46.75,31916.0
2010-10-19,CHG,46.76,52206.0
2010-10-20,CHG,47.17,31757.0
2010-10-21,CHG,46.29,37816.0
2010-10-22,CHG,46.15,24370.0
2010-10-25,CHG,46.19,26303.0
2010-10-26,CHG,45.96,35149.0
2010-10-27,CHG,47.7,88866.0
2010-10-28,CHG,45.44,159481.0
2010-10-29,CHG,45.45,50194.0
2010-11-01,CHG,46.08,86525.0
2010-11-02,CHG,47.09,62637.0
2010-11-03,CHG,46.43,29751.0
2010-11-04,CHG,46.76,54581.0
2010-11-05,CHG,46.99,29573.0
2010-11-08,CHG,46.48,20421.0
2010-11-09,CHG,46.36,25790.0
2010-11-10,CHG,46.69,26452.0
2010-11-11,CHG,46.58,20494.0
2010-11-12,CHG,46.41,31749.0
2010-11-15,CHG,46.53,23164.0
2010-11-16,CHG,45.86,35870.0
2010-11-17,CHG,45.87,17153.0
2010-11-18,CHG,46.7,40168.0
2010-11-19,CHG,46.67,48381.0
2010-11-22,CHG,46.43,28233.0
2010-11-23,CHG,46.37,26997.0
2010-11-24,CHG,46.85,31179.0
2010-11-26,CHG,46.44,14527.0
2010-11-29,CHG,46.68,18204.0
2010-11-30,CHG,46.64,75879.0
2010-12-01,CHG,47.11,41227.0
2010-12-02,CHG,47.33,24370.0
2010-12-03,CHG,47.48,31980.0
2010-12-06,CHG,47.64,33816.0
2010-12-07,CHG,47.96,34422.0
2010-12-08,CHG,47.88,33452.0
2010-12-09,CHG,48.47,31567.0
2010-12-10,CHG,48.78,29666.0
2010-12-13,CHG,49.09,27401.0
2010-12-14,CHG,49.51,32610.0
2010-12-15,CHG,49.31,30117.0
2010-12-16,CHG,49.48,39932.0
2010-12-17,CHG,49.75,112605.0
2010-12-20,CHG,49.02,39322.0
2010-12-21,CHG,49.32,32515.0
2010-12-22,CHG,49.27,32918.0
2010-12-23,CHG,49.37,23095.0
2010-12-27,CHG,49.42,18274.0
2010-12-28,CHG,49.67,20749.0
2010-12-29,CHG,49.71,13911.0
2010-12-30,CHG,49.28,51233.0
2010-12-31,CHG,48.89,32893.0
2011-01-03,CHG,49.53,49910.0
2011-01-04,CHG,49.26,58038.0
2011-01-05,CHG,49.61,53848.0
2011-01-06,CHG,49.39,58413.0
2011-01-07,CHG,49.7,60358.0
2011-01-10,CHG,49.81,99386.0
2011-01-11,CHG,49.39,50804.0
2011-01-12,CHG,49.28,32936.0
2011-01-13,CHG,49.4,28087.0
2011-01-14,CHG,49.64,39482.0
2011-01-18,CHG,49.4,31876.0
2011-01-19,CHG,48.89,34912.0
2011-01-20,CHG,48.75,31161.0
2011-01-21,CHG,48.6,38215.0
2011-01-24,CHG,48.93,18711.0
2011-01-25,CHG,49.23,25155.0
2011-01-26,CHG,49.65,29293.0
2011-01-27,CHG,50.16,32272.0
2011-01-28,CHG,48.9,54712.0
2011-01-31,CHG,48.61,60081.0
2011-02-01,CHG,49.74,80012.0
2011-02-02,CHG,49.68,22169.0
2011-02-03,CHG,49.72,32143.0
2011-02-04,CHG,49.38,26857.0
2011-02-07,CHG,49.77,22562.0
2011-02-08,CHG,49.4,23148.0
2011-02-09,CHG,48.96,47876.0
2011-02-10,CHG,49.04,43088.0
2011-02-11,CHG,49.8,36687.0
2011-02-14,CHG,49.01,38218.0
2011-02-15,CHG,48.52,61489.0
2011-02-16,CHG,48.49,32136.0
2011-02-17,CHG,48.55,30888.0
2011-02-18,CHG,48.74,32383.0
2011-02-22,CHG,48.66,37447.0
2011-02-23,CHG,48.02,56081.0
2011-02-24,CHG,48.17,64394.0
2011-02-25,CHG,49.1,28977.0
2011-02-28,CHG,49.06,55205.0
2011-03-01,CHG,48.92,72540.0
2011-03-02,CHG,48.82,25858.0
2011-03-03,CHG,49.49,28921.0
2011-03-04,CHG,49.31,56620.0
2011-03-07,CHG,48.94,51539.0
2011-03-08,CHG,50.14,83562.0
2011-03-09,CHG,50.41,21995.0
2011-03-10,CHG,49.03,70079.0
2011-03-11,CHG,48.85,37974.0
2011-03-14,CHG,48.38,31447.0
2011-03-15,CHG,48.15,42939.0
2011-03-16,CHG,47.58,77133.0
2011-03-17,CHG,47.72,37308.0
2011-03-18,CHG,47.81,114698.0
2011-03-21,CHG,49.03,30860.0
2011-03-22,CHG,48.96,31009.0
2011-03-23,CHG,49.04,33441.0
2011-03-24,CHG,49.05,20897.0
2011-03-25,CHG,49.27,25674.0
2011-03-28,CHG,49.29,25641.0
2011-03-29,CHG,49.48,24019.0
2011-03-30,CHG,50.31,35789.0
2011-03-31,CHG,50.54,32027.0
2011-04-01,CHG,51.13,50974.0
2011-04-04,CHG,51.73,53568.0
2011-04-05,CHG,51.84,22314.0
2011-04-06,CHG,52.28,33585.0
2011-04-07,CHG,50.89,41814.0
2011-04-08,CHG,50.34,40200.0
2011-04-11,CHG,49.95,33442.0
2011-04-12,CHG,49.14,26822.0
2011-04-13,CHG,49.03,26234.0
2011-04-14,CHG,49.78,32785.0
2011-04-15,CHG,50.47,52266.0
2011-04-18,CHG,49.97,32154.0
2011-04-19,CHG,49.99,40264.0
2011-04-20,CHG,50.71,40663.0
2011-04-21,CHG,51.1,35410.0
2011-04-25,CHG,51.47,26519.0
2011-04-26,CHG,52.36,34633.0
2011-04-27,CHG,52.55,38407.0
2011-04-28,CHG,53.07,41061.0
2011-04-29,CHG,53.62,38369.0
2011-05-02,CHG,53.77,57755.0
2011-05-03,CHG,53.35,42189.0
2011-05-04,CHG,52.86,47425.0
2011-05-05,CHG,52.44,54482.0
2011-05-06,CHG,52.85,25245.0
2011-05-09,CHG,53.1,32368.0
2011-05-10,CHG,54.16,43174.0
2011-05-11,CHG,53.31,43259.0
2011-05-12,CHG,54.24,37697.0
2011-05-13,CHG,53.81,30188.0
2011-05-16,CHG,53.03,52580.0
2011-05-17,CHG,52.74,73064.0
2011-05-18,CHG,53.17,44937.0
2011-05-19,CHG,53.4,42233.0
2011-05-20,CHG,53.33,51438.0
2011-05-23,CHG,52.28,34662.0
2011-05-24,CHG,51.83,40685.0
2011-05-25,CHG,52.22,73956.0
2011-05-26,CHG,52.62,37036.0
2011-05-27,CHG,52.8,45081.0
2011-05-31,CHG,53.95,154555.0
2011-06-01,CHG,53.08,70365.0
2011-06-02,CHG,52.92,28249.0
2011-06-03,CHG,52.25,48736.0
2011-06-06,CHG,52.15,44209.0
2011-06-07,CHG,52.31,26316.0
2011-06-08,CHG,52.43,33828.0
2011-06-09,CHG,52.22,33386.0
2011-06-10,CHG,51.61,52107.0
2011-06-13,CHG,51.62,54058.0
2011-06-14,CHG,51.96,42728.0
2011-06-15,CHG,51.31,45428.0
2011-06-16,CHG,51.82,39674.0
2011-06-17,CHG,51.87,98147.0
2011-06-20,CHG,52.42,25039.0
2011-06-21,CHG,52.61,43431.0
2011-06-22,CHG,51.91,34653.0
2011-06-23,CHG,51.83,69084.0
2011-06-24,CHG,52.11,139784.0
2011-06-27,CHG,52.69,37354.0
2011-06-28,CHG,53.03,29053.0
2011-06-29,CHG,52.97,21287.0
2011-06-30,CHG,53.26,38559.0
2011-07-01,CHG,54.01,41405.0
2011-07-05,CHG,54.04,29375.0
2011-07-06,CHG,54.35,41265.0
2011-07-07,CHG,54.11,31587.0
2011-07-08,CHG,53.63,26597.0
2011-07-11,CHG,53.07,21113.0
2011-07-12,CHG,53.46,23965.0
2011-07-13,CHG,53.78,35999.0
2011-07-14,CHG,53.4,35170.0
2011-07-15,CHG,53.5,39112.0
2011-07-18,CHG,52.75,14065.0
2011-07-19,CHG,53.56,34939.0
2011-07-20,CHG,53.48,19898.0
2011-07-21,CHG,54.28,27091.0
2011-07-22,CHG,53.79,21292.0
2011-07-25,CHG,53.5,35438.0
2011-07-26,CHG,52.97,28006.0
2011-07-27,CHG,52.09,54533.0
2011-07-28,CHG,51.41,39630.0
2011-07-29,CHG,51.07,61129.0
2011-08-01,CHG,53.99,126499.0
2011-08-02,CHG,53.54,58308.0
2011-08-03,CHG,53.74,49913.0
2011-08-04,CHG,52.22,67617.0
2011-08-05,CHG,52.12,63893.0
2011-08-08,CHG,49.71,138523.0
2011-08-09,CHG,52.34,137579.0
2011-08-10,CHG,50.48,98303.0
2011-08-11,CHG,53.25,93878.0
2011-08-12,CHG,52.68,50393.0
2011-08-15,CHG,54.83,53523.0
2011-08-16,CHG,54.15,47692.0
2011-08-17,CHG,54.7,39813.0
2011-08-18,CHG,52.92,69980.0
2011-08-19,CHG,52.21,51251.0
2011-08-22,CHG,53.1,64664.0
2011-08-23,CHG,54.66,59514.0
2011-08-24,CHG,55.9,45142.0
2011-08-25,CHG,54.67,33575.0
2011-08-26,CHG,55.72,60956.0
2011-08-29,CHG,57.06,73993.0
2011-08-30,CHG,56.66,46759.0
2011-08-31,CHG,56.19,86650.0
2011-09-01,CHG,55.34,88831.0
2011-09-02,CHG,54.15,99483.0
2011-09-06,CHG,54.03,78283.0
2011-09-07,CHG,54.68,73729.0
2011-09-08,CHG,54.06,66839.0
2011-09-09,CHG,52.79,56436.0
2011-09-12,CHG,52.97,122088.0
2011-09-13,CHG,53.14,65105.0
2011-09-14,CHG,53.63,72442.0
2011-09-15,CHG,53.81,36456.0
2011-09-16,CHG,53.66,85465.0
2011-09-19,CHG,53.59,34401.0
2011-09-20,CHG,52.98,51212.0
2011-09-21,CHG,51.53,56740.0
2011-09-22,CHG,51.16,94055.0
2011-09-23,CHG,52.15,63226.0
2011-09-26,CHG,52.96,51920.0
2011-09-27,CHG,53.54,80856.0
2011-09-28,CHG,52.14,65806.0
2011-09-29,CHG,53.13,42695.0
2011-09-30,CHG,52.17,65474.0
2011-10-03,CHG,51.11,91479.0
2011-10-04,CHG,52.83,97883.0
2011-10-05,CHG,52.83,40724.0
2011-10-06,CHG,52.47,52294.0
2011-10-07,CHG,51.54,61894.0
2011-10-10,CHG,52.9,67318.0
2011-10-11,CHG,52.21,34604.0
2011-10-12,CHG,52.68,47931.0
2011-10-13,CHG,52.83,20112.0
2011-10-14,CHG,53.31,44532.0
2011-10-17,CHG,52.43,47699.0
2011-10-18,CHG,53.09,72158.0
2011-10-19,CHG,52.7,37423.0
2011-10-20,CHG,53.08,28338.0
2011-10-21,CHG,53.6,47339.0
2011-10-24,CHG,53.97,46743.0
2011-10-25,CHG,52.87,62176.0
2011-10-26,CHG,53.23,34406.0
2011-10-27,CHG,55.5,95810.0
2011-10-28,CHG,55.37,60834.0
2011-10-31,CHG,55.21,60820.0
2011-11-01,CHG,54.58,99688.0
2011-11-02,CHG,55.78,45970.0
2011-11-03,CHG,56.59,38756.0
2011-11-04,CHG,55.66,31970.0
2011-11-07,CHG,55.61,25862.0
2011-11-08,CHG,56.16,35478.0
2011-11-09,CHG,54.58,47937.0
2011-11-10,CHG,55.33,32830.0
2011-11-11,CHG,56.18,34174.0
2011-11-14,CHG,54.88,42100.0
2011-11-15,CHG,55.6,38959.0
2011-11-16,CHG,54.59,63687.0
2011-11-17,CHG,54.78,38806.0
2011-11-18,CHG,55.17,26878.0
2011-11-21,CHG,54.01,52047.0
2011-11-22,CHG,53.51,30840.0
2011-11-23,CHG,52.61,36621.0
2011-11-25,CHG,52.38,23186.0
2011-11-28,CHG,53.71,64806.0
2011-11-29,CHG,54.16,48643.0
2011-11-30,CHG,56.35,115041.0
2011-12-01,CHG,55.76,54671.0
2011-12-02,CHG,55.74,37555.0
2011-12-05,CHG,56.24,40620.0
2011-12-06,CHG,56.62,37798.0
2011-12-07,CHG,56.56,49508.0
2011-12-08,CHG,55.19,64038.0
2011-12-09,CHG,56.92,54390.0
2011-12-12,CHG,56.21,45853.0
2011-12-13,CHG,55.95,45225.0
2011-12-14,CHG,55.42,52617.0
2011-12-15,CHG,56.73,34246.0
2011-12-16,CHG,56.54,195108.0
2011-12-19,CHG,56.15,37268.0
2011-12-20,CHG,57.81,47201.0
2011-12-21,CHG,58.54,16809.0
2011-12-22,CHG,58.09,54691.0
2011-12-23,CHG,58.72,42094.0
2011-12-27,CHG,59.18,25215.0
2011-12-28,CHG,58.93,31035.0
2011-12-29,CHG,59.37,19858.0
2011-12-30,CHG,58.38,53433.0
2012-01-03,CHG,58.11,75564.0
2012-01-04,CHG,57.87,82782.0
2012-01-05,CHG,57.89,69062.0
2012-01-06,CHG,56.47,80204.0
2012-01-09,CHG,56.15,274235.0
2012-01-10,CHG,56.1,77459.0
2012-01-11,CHG,56.35,86390.0
2012-01-12,CHG,56.73,52281.0
2012-01-13,CHG,56.12,66424.0
2012-01-17,CHG,56.27,58204.0
2012-01-18,CHG,56.25,51414.0
2012-01-19,CHG,55.52,40846.0
2012-01-20,CHG,56.3,73457.0
2012-01-23,CHG,56.16,19551.0
2012-01-24,CHG,56.16,45721.0
2012-01-25,CHG,56.6,52206.0
2012-01-26,CHG,57.01,42835.0
2012-01-27,CHG,56.88,32705.0
2012-01-30,CHG,56.32,40519.0
2012-01-31,CHG,56.88,46762.0
2012-02-01,CHG,57.75,96121.0
2012-02-02,CHG,57.8,33058.0
2012-02-03,CHG,58.47,69092.0
2012-02-06,CHG,58.15,24068.0
2012-02-07,CHG,58.54,22930.0
2012-02-08,CHG,58.66,33935.0
2012-02-09,CHG,58.16,18994.0
2012-02-10,CHG,57.61,29602.0
2012-02-13,CHG,57.91,38758.0
2012-02-14,CHG,57.81,42473.0
2012-02-15,CHG,57.6,50093.0
2012-02-16,CHG,58.81,30258.0
2012-02-17,CHG,58.77,33952.0
2012-02-21,CHG,66.22,1755466.0
2012-02-22,CHG,66.3,332976.0
2012-02-23,CHG,66.66,289147.0
2012-02-24,CHG,66.48,183922.0
2012-02-27,CHG,66.53,137132.0
2012-02-28,CHG,66.52,92798.0
2012-02-29,CHG,66.67,128651.0
2012-03-01,CHG,66.92,123028.0
2012-03-02,CHG,66.62,122923.0
2012-03-05,CHG,66.6,101802.0
2012-03-06,CHG,66.8,96847.0
2012-03-07,CHG,66.95,56845.0
2012-03-08,CHG,66.94,48906.0
2012-03-09,CHG,66.95,69668.0
2012-03-12,CHG,67.15,69298.0
2012-03-13,CHG,67.1,114178.0
2012-03-14,CHG,66.75,59652.0
2012-03-15,CHG,67.03,57376.0
2012-03-16,CHG,66.44,100219.0
2012-03-19,CHG,66.4,52186.0
2012-03-20,CHG,66.67,74023.0
2012-03-21,CHG,66.48,33408.0
2012-03-22,CHG,66.66,63053.0
2012-03-23,CHG,66.75,32175.0
2012-03-26,CHG,67.36,81653.0
2012-03-27,CHG,67.0,48836.0
2012-03-28,CHG,66.75,47031.0
2012-03-29,CHG,66.97,25884.0
2012-03-30,CHG,66.73,68512.0
2012-04-02,CHG,67.24,62691.0
2012-04-03,CHG,66.86,102354.0
2012-04-04,CHG,66.52,99746.0
2012-04-05,CHG,66.19,99444.0
2012-04-09,CHG,65.7,75672.0
2012-04-10,CHG,65.59,108287.0
2012-04-11,CHG,65.9,62777.0
2012-04-12,CHG,65.63,76408.0
2012-04-13,CHG,65.42,54170.0
2012-04-16,CHG,66.03,46701.0
2012-04-17,CHG,66.02,51240.0
2012-04-18,CHG,65.63,59277.0
2012-04-19,CHG,65.61,73578.0
2012-04-20,CHG,66.05,55948.0
2012-04-23,CHG,65.7,50732.0
2012-04-24,CHG,66.1,49498.0
2012-04-25,CHG,66.01,29057.0
2012-04-26,CHG,65.67,24284.0
2012-04-27,CHG,65.98,47120.0
2012-04-30,CHG,65.62,45203.0
2012-05-01,CHG,65.47,90288.0
2012-05-02,CHG,65.55,73682.0
2012-05-03,CHG,65.37,77804.0
2012-05-04,CHG,65.42,72786.0
2012-05-07,CHG,65.66,45986.0
2012-05-08,CHG,65.39,48172.0
2012-05-09,CHG,65.24,50554.0
2012-05-10,CHG,65.5,31276.0
2012-05-11,CHG,65.64,46887.0
2012-05-14,CHG,65.36,59769.0
2012-05-15,CHG,65.78,39773.0
2012-05-16,CHG,65.58,19914.0
2012-05-17,CHG,65.42,46082.0
2012-05-18,CHG,65.52,66574.0
2012-05-21,CHG,65.75,58564.0
2012-05-22,CHG,65.65,51763.0
2012-05-23,CHG,65.55,46505.0
2012-05-24,CHG,66.0,34892.0
2012-05-25,CHG,65.56,43518.0
2012-05-29,CHG,65.61,30394.0
2012-05-30,CHG,65.55,29278.0
2012-05-31,CHG,65.63,65260.0
2012-06-01,CHG,65.49,47276.0
2012-06-04,CHG,65.75,46713.0
2012-06-05,CHG,65.73,31229.0
2012-06-06,CHG,65.4,108109.0
2012-06-07,CHG,65.26,91076.0
2012-06-08,CHG,65.3,37011.0
2012-06-11,CHG,65.19,103887.0
2012-06-12,CHG,65.7,61981.0
2012-06-13,CHG,65.48,42018.0
2012-06-14,CHG,65.52,21437.0
2012-06-15,CHG,65.14,89077.0
2012-06-18,CHG,65.1,42959.0
2012-06-19,CHG,64.93,505124.0
2012-06-20,CHG,65.14,53289.0
2012-06-21,CHG,65.0,47708.0
2012-06-22,CHG,65.14,56946.0
2012-06-25,CHG,65.04,19055.0
2012-06-26,CHG,64.95,21591.0
2012-06-27,CHG,65.5,27464.0
2012-06-28,CHG,65.41,33182.0
2012-06-29,CHG,65.69,34012.0
2012-07-02,CHG,65.7,36709.0
2012-07-03,CHG,65.72,18427.0
2012-07-05,CHG,65.57,11512.0
2012-07-06,CHG,65.22,21982.0
2012-07-09,CHG,64.98,45915.0
2012-07-10,CHG,65.21,30662.0
2012-07-11,CHG,65.08,26809.0
2012-07-12,CHG,65.14,28326.0
2012-07-13,CHG,65.69,48893.0
2012-07-16,CHG,65.22,24586.0
2012-07-17,CHG,65.06,31135.0
2012-07-18,CHG,65.22,24095.0
2012-07-19,CHG,65.0,55884.0
2012-07-20,CHG,65.0,45951.0
2012-07-23,CHG,64.95,47723.0
2012-07-24,CHG,64.96,39728.0
2012-07-25,CHG,65.0,65311.0
2012-07-26,CHG,65.01,41463.0
2012-07-27,CHG,65.16,45720.0
2012-07-30,CHG,65.04,30533.0
2012-07-31,CHG,65.03,34956.0
2012-08-01,CHG,64.82,65762.0
2012-08-02,CHG,65.15,63220.0
2012-08-03,CHG,65.25,46941.0
2012-08-06,CHG,65.21,20498.0
2012-08-07,CHG,65.19,33860.0
2012-08-08,CHG,65.19,24037.0
2012-08-09,CHG,65.04,14671.0
2012-08-10,CHG,65.1,15877.0
2012-08-13,CHG,65.01,22030.0
2012-08-14,CHG,65.06,44846.0
2012-08-15,CHG,65.2,27098.0
2012-08-16,CHG,65.24,20839.0
2012-08-17,CHG,65.28,22007.0
2012-08-20,CHG,65.29,15463.0
2012-08-21,CHG,65.26,25102.0
2012-08-22,CHG,65.11,10436.0
2012-08-23,CHG,65.11,25287.0
2012-08-24,CHG,65.16,15785.0
2012-08-27,CHG,65.14,17569.0
2012-08-28,CHG,65.16,26175.0
2012-08-29,CHG,65.2,20901.0
2012-08-30,CHG,65.16,13898.0
2012-08-31,CHG,65.16,27479.0
2012-09-04,CHG,65.24,32529.0
2012-09-05,CHG,65.18,32708.0
2012-09-06,CHG,65.22,39225.0
2012-09-07,CHG,65.25,28626.0
2012-09-10,CHG,65.22,28228.0
2012-09-11,CHG,65.25,24914.0
2012-09-12,CHG,65.27,55427.0
2012-09-13,CHG,65.31,46100.0
2012-09-14,CHG,65.33,38616.0
2012-09-17,CHG,65.33,21272.0
2012-09-18,CHG,65.31,27799.0
2012-09-19,CHG,65.28,22287.0
2012-09-20,CHG,65.3,28603.0
2012-09-21,CHG,65.33,96510.0
2012-09-24,CHG,65.36,46779.0
2012-09-25,CHG,65.24,60189.0
2012-09-26,CHG,65.33,57864.0
2012-09-27,CHG,65.24,66016.0
2012-09-28,CHG,65.21,56030.0
2012-10-01,CHG,65.35,42629.0
2012-10-02,CHG,65.34,38499.0
2012-10-03,CHG,65.31,39140.0
2012-10-04,CHG,65.38,32423.0
2012-10-05,CHG,65.34,31690.0
2012-10-08,CHG,65.36,18451.0
2012-10-09,CHG,65.42,25319.0
2012-10-10,CHG,65.42,35739.0
2012-10-11,CHG,64.81,19476.0
2012-10-12,CHG,64.72,104325.0
2012-10-15,CHG,64.91,29085.0
2012-10-16,CHG,64.97,33249.0
2012-10-17,CHG,65.12,26769.0
2012-10-18,CHG,65.0,33816.0
2012-10-19,CHG,64.92,42016.0
2012-10-22,CHG,64.87,24073.0
2012-10-23,CHG,64.99,18880.0
2012-10-24,CHG,65.09,25507.0
2012-10-25,CHG,65.05,28163.0
2012-10-26,CHG,64.7,20975.0
2012-10-31,CHG,65.03,22829.0
2012-11-01,CHG,64.83,83737.0
2012-11-02,CHG,64.66,44287.0
2012-11-05,CHG,64.81,27668.0
2012-11-06,CHG,64.92,19943.0
2012-11-07,CHG,64.81,69577.0
2012-11-08,CHG,64.85,51149.0
2012-11-09,CHG,64.9,37831.0
2012-11-12,CHG,64.85,20048.0
2012-11-13,CHG,64.85,22815.0
2012-11-14,CHG,64.81,56455.0
2012-11-15,CHG,64.81,58282.0
2012-11-16,CHG,64.76,50461.0
2012-11-19,CHG,64.89,82818.0
2012-11-20,CHG,64.85,40440.0
2012-11-21,CHG,64.95,29039.0
2012-11-23,CHG,64.91,24349.0
2012-11-26,CHG,65.02,40975.0
2012-11-27,CHG,65.0,46767.0
2012-11-28,CHG,65.04,49956.0
2012-11-29,CHG,65.11,39265.0
2012-11-30,CHG,65.21,81328.0
2012-12-03,CHG,65.15,52277.0
2012-12-04,CHG,65.2,48821.0
2012-12-05,CHG,65.18,35440.0
2012-12-06,CHG,65.2,21544.0
2012-12-07,CHG,65.18,28225.0
2012-12-10,CHG,65.15,49123.0
2012-12-11,CHG,65.2,71274.0
2012-12-12,CHG,65.07,59038.0
2012-12-13,CHG,65.22,28708.0
2012-12-14,CHG,64.99,46698.0
2012-12-17,CHG,65.18,67428.0
2012-12-18,CHG,65.3,56660.0
2012-12-19,CHG,65.17,47451.0
2012-12-20,CHG,65.05,95948.0
2012-12-21,CHG,65.21,248277.0
2012-12-24,CHG,65.16,51488.0
2012-12-26,CHG,65.1,47329.0
2012-12-27,CHG,65.19,31311.0
2012-12-28,CHG,65.11,53495.0
2012-12-31,CHG,65.22,69720.0
2013-01-02,CHG,65.33,102023.0
2013-01-03,CHG,65.28,87560.0
2013-01-04,CHG,65.3,37778.0
2013-01-07,CHG,65.32,38884.0
2013-01-08,CHG,64.82,87638.0
2013-01-09,CHG,64.83,41081.0
2013-01-10,CHG,64.84,66320.0
2013-01-11,CHG,64.92,48953.0
2013-01-14,CHG,64.97,26706.0
2013-01-15,CHG,64.99,39041.0
2013-01-16,CHG,64.88,24679.0
2013-01-17,CHG,64.94,132235.0
2013-01-18,CHG,65.01,64185.0
2013-01-22,CHG,64.96,46560.0
2013-01-23,CHG,64.89,36434.0
2013-01-24,CHG,64.91,34419.0
2013-01-25,CHG,64.85,58648.0
2013-01-28,CHG,65.0,56600.0
2013-01-29,CHG,65.02,68827.0
2013-01-30,CHG,65.01,39790.0
2013-01-31,CHG,65.0,64307.0
2013-02-01,CHG,65.0,78461.0
2013-02-04,CHG,65.02,49785.0
2013-02-05,CHG,65.02,33160.0
2013-02-06,CHG,65.17,33123.0
2013-02-07,CHG,65.12,14581.0
2013-02-08,CHG,65.1,55860.0
2013-02-11,CHG,65.22,18604.0
2013-02-12,CHG,65.13,22717.0
2013-02-13,CHG,65.21,27763.0
2013-02-14,CHG,65.16,12385.0
2013-02-15,CHG,65.29,26808.0
2013-02-19,CHG,65.23,31258.0
2013-02-20,CHG,65.15,60215.0
2013-02-21,CHG,65.24,20795.0
2013-02-22,CHG,65.22,32647.0
2013-02-25,CHG,65.12,39684.0
2013-02-26,CHG,65.2,39370.0
2013-02-27,CHG,65.26,35756.0
2013-02-28,CHG,65.13,27563.0
2013-03-01,CHG,65.32,30630.0
2013-03-04,CHG,65.28,23652.0
2013-03-05,CHG,65.28,34372.0
2013-03-06,CHG,65.34,11493.0
2013-03-07,CHG,65.29,15671.0
2013-03-08,CHG,65.31,21770.0
2013-03-11,CHG,65.35,14568.0
2013-03-12,CHG,65.3,11020.0
2013-03-13,CHG,65.35,12561.0
2013-03-14,CHG,65.4,23023.0
2013-03-15,CHG,65.5,86123.0
2013-03-18,CHG,65.28,11251.0
2013-03-19,CHG,65.34,27109.0
2013-03-20,CHG,65.37,25452.0
2013-03-21,CHG,65.34,27462.0
2013-03-22,CHG,65.29,47331.0
2013-03-25,CHG,65.39,36551.0
2013-03-26,CHG,65.38,29535.0
2013-03-27,CHG,65.36,32925.0
2013-03-28,CHG,65.39,58230.0
2013-04-01,CHG,65.39,82866.0
2013-04-02,CHG,65.39,53738.0
2013-04-03,CHG,65.36,99296.0
2013-04-04,CHG,65.39,64995.0
2013-04-05,CHG,65.49,62808.0
2013-04-08,CHG,64.95,30938.0
2013-04-09,CHG,64.86,43134.0
2013-04-10,CHG,64.92,25571.0
2013-04-11,CHG,64.84,19906.0
2013-04-12,CHG,64.96,19817.0
2013-04-15,CHG,64.65,59420.0
2013-04-16,CHG,64.86,43405.0
2013-04-17,CHG,64.7,56942.0
2013-04-18,CHG,64.76,42735.0
2013-04-19,CHG,64.79,50470.0
2013-04-22,CHG,64.91,58217.0
2013-04-23,CHG,64.97,50133.0
2013-04-24,CHG,64.97,27116.0
2013-04-25,CHG,64.93,9923.0
2013-04-26,CHG,64.67,45917.0
2013-04-29,CHG,64.85,13801.0
2013-04-30,CHG,64.97,48360.0
2013-05-01,CHG,64.68,73866.0
2013-05-02,CHG,64.74,27310.0
2013-05-03,CHG,64.8,24097.0
2013-05-06,CHG,64.41,149116.0
2013-05-07,CHG,64.27,64068.0
2013-05-08,CHG,64.39,38799.0
2013-05-09,CHG,64.18,27578.0
2013-05-10,CHG,64.23,30064.0
2013-05-13,CHG,64.09,37908.0
2013-05-14,CHG,64.19,35421.0
2013-05-15,CHG,64.16,49922.0
2013-05-16,CHG,64.25,16144.0
2013-05-17,CHG,64.32,52093.0
2013-05-20,CHG,64.74,64668.0
2013-05-21,CHG,64.84,23279.0
2013-05-22,CHG,64.59,26676.0
2013-05-23,CHG,64.6,20600.0
2013-05-24,CHG,64.57,20368.0
2013-05-28,CHG,64.64,33355.0
2013-05-29,CHG,64.69,14396.0
2013-05-30,CHG,64.77,80883.0
2013-05-31,CHG,64.73,48214.0
2013-06-03,CHG,64.84,68369.0
2013-06-04,CHG,64.73,40042.0
2013-06-05,CHG,64.57,83879.0
2013-06-06,CHG,64.5,107754.0
2013-06-07,CHG,64.79,26788.0
2013-06-10,CHG,64.94,24280.0
2013-06-11,CHG,64.95,38647.0
2013-06-12,CHG,64.72,19542.0
2013-06-13,CHG,65.01,181416.0
2013-06-14,CHG,65.01,89605.0
2013-06-17,CHG,65.02,31340.0
2013-06-18,CHG,65.04,42467.0
2013-06-19,CHG,64.98,32159.0
2013-06-20,CHG,64.98,43877.0
2013-06-21,CHG,64.96,154632.0
2013-06-24,CHG,64.97,66312.0
2013-06-25,CHG,65.01,34326.0
2013-06-26,CHG,64.92,530907.0
2013-06-27,CHG,64.99,435247.0
2013-06-28,CHG,64.99,0.0
2013-07-01,CHG,64.99,0.0
2013-07-02,CHG,64.99,0.0
2013-07-03,CHG,64.99,0.0
2013-07-05,CHG,64.99,0.0
2013-07-08,CHG,64.99,0.0
2013-07-09,CHG,64.99,0.0
2013-07-10,CHG,64.99,0.0
2013-07-11,CHG,64.99,0.0
2013-07-12,CHG,64.99,0.0
2013-07-15,CHG,64.99,0.0
2013-07-16,CHG,64.99,0.0
2013-07-17,CHG,64.99,0.0
2013-07-18,CHG,64.99,0.0
2013-07-19,CHG,64.99,0.0
2013-07-22,CHG,64.99,0.0
2013-07-23,CHG,64.99,0.0
2013-07-24,CHG,64.99,0.0
2013-07-25,CHG,64.99,0.0
2013-07-26,CHG,64.99,0.0
2013-07-29,CHG,64.99,0.0
2013-07-30,CHG,64.99,0.0
2013-07-31,CHG,64.99,0.0
2013-08-01,CHG,64.99,0.0
2013-08-02,CHG,64.99,0.0
2013-08-05,CHG,64.99,0.0
2013-08-06,CHG,64.99,0.0
2013-08-07,CHG,64.99,0.0
2013-08-08,CHG,64.99,0.0
2013-08-09,CHG,64.99,0.0
2013-08-12,CHG,64.99,0.0
2013-08-13,CHG,64.99,0.0
2013-08-14,CHG,64.99,0.0
2013-08-15,CHG,64.99,0.0
2013-08-16,CHG,64.99,0.0
2013-08-19,CHG,64.99,0.0
2013-08-20,CHG,64.99,0.0
2013-08-21,CHG,64.99,0.0
2013-08-22,CHG,64.99,0.0
2013-08-23,CHG,64.99,0.0
2013-08-26,CHG,64.99,0.0
2013-08-27,CHG,64.99,0.0
2013-08-28,CHG,64.99,0.0
2013-08-29,CHG,64.99,0.0
2013-08-30,CHG,64.99,0.0
2013-09-03,CHG,64.99,0.0
2013-09-04,CHG,64.99,0.0
2013-09-05,CHG,64.99,0.0
2013-09-06,CHG,64.99,0.0
2013-09-09,CHG,64.99,0.0
2013-09-10,CHG,64.99,0.0
2013-09-11,CHG,64.99,0.0
2013-09-12,CHG,64.99,0.0
2013-09-13,CHG,64.99,0.0
2013-09-16,CHG,64.99,0.0
2013-09-17,CHG,64.99,0.0
2013-09-18,CHG,64.99,0.0
2013-09-19,CHG,64.99,0.0
2013-09-20,CHG,64.99,0.0
2013-09-23,CHG,64.99,0.0
2013-09-24,CHG,64.99,0.0
2013-09-25,CHG,64.99,0.0
2013-09-26,CHG,64.99,0.0
2013-09-27,CHG,64.99,0.0
2013-09-30,CHG,64.99,0.0
2013-10-01,CHG,64.99,0.0
2013-10-02,CHG,64.99,0.0
2013-10-03,CHG,64.99,0.0
2013-10-04,CHG,64.99,0.0
2013-10-07,CHG,64.99,0.0
2013-10-08,CHG,64.99,0.0
2013-10-09,CHG,64.99,0.0
2013-10-10,CHG,64.99,0.0
2013-10-11,CHG,64.99,0.0
2013-10-14,CHG,64.99,0.0
2013-10-15,CHG,64.99,0.0
2013-10-16,CHG,64.99,0.0
2013-10-17,CHG,64.99,0.0
2016-09-28,CHG,1.6109999,505.0
2022-08-12,CHG,3.7,8200170.0
2022-08-15,CHG,3.39,1378876.0
2022-08-16,CHG,3.37,1296355.0
2022-08-17,CHG,3.08,268068.0
2022-08-18,CHG,2.88,244236.0
2022-08-19,CHG,2.62,266622.0
2022-08-22,CHG,2.69,370368.0
2022-08-23,CHG,2.5,175954.0
2022-08-24,CHG,2.56,82452.0
2022-08-25,CHG,2.47,196083.0
2022-08-26,CHG,2.65,2206313.0
2022-08-29,CHG,2.58,200612.0
2022-08-30,CHG,2.6439,125535.0
2022-08-31,CHG,2.69,99154.0
2022-09-01,CHG,2.78,208889.0
2022-09-02,CHG,2.81,108049.0
2022-09-06,CHG,2.84,151651.0
2022-09-07,CHG,2.59,143554.0
2022-09-08,CHG,2.5501,86547.0
2022-09-09,CHG,2.6799,76305.0
2022-09-12,CHG,2.575,124783.0
2022-09-13,CHG,2.47,37143.0
2022-09-14,CHG,2.29,53699.0
2022-09-15,CHG,2.1,70807.0
2022-09-16,CHG,1.99,60020.0
2022-09-19,CHG,1.89,70677.0
2022-09-20,CHG,2.01,42538.0
2022-09-21,CHG,2.03,49942.0
2022-09-22,CHG,1.99,57967.0
2022-09-23,CHG,1.77,62365.0
2022-09-26,CHG,1.63,261282.0
2022-09-27,CHG,1.86,187024.0
2022-09-28,CHG,1.8,43223.0
2022-09-29,CHG,1.98,69847.0
2022-09-30,CHG,1.89,41590.0
2022-10-03,CHG,2.0,24763.0
2022-10-04,CHG,2.01,131647.0
2022-10-05,CHG,2.08,72771.0
2022-10-06,CHG,1.98,126478.0
2022-10-07,CHG,1.84,12732.0
2022-10-10,CHG,1.79,6416.0
2022-10-11,CHG,1.58,133427.0
2022-10-12,CHG,1.56,10480.0
2022-10-13,CHG,1.52,6907.0
2022-10-14,CHG,1.52,7936.0
2022-10-17,CHG,1.55,13093.0
2022-10-18,CHG,1.53,12958.0
2022-10-19,CHG,1.53,10200.0
2022-10-20,CHG,1.5,6589.0
2022-10-21,CHG,1.35,39447.0
2022-10-24,CHG,1.3,23038.0
2022-10-25,CHG,1.31,29175.0
2022-10-26,CHG,1.41,2748.0
2022-10-27,CHG,1.33,1454.0
2022-10-28,CHG,1.34,5651.0
2022-10-31,CHG,1.25,42153.0
2022-11-01,CHG,1.35,4365.0
2022-11-02,CHG,1.32,6472.0
2022-11-03,CHG,1.3,4188.0
2022-11-04,CHG,1.3,5365.0
